time,set_alt,alt,airspeed,groundspeed,gcs_speed,set_speed,commanded_speed
0,200.0,200.48,30.8617134094,31.2768039703,13.96201016,418.498053619,35.0
1,200.0,200.61,32.5004692078,32.8987312317,13.96201016,443.185328244,35.0
2,200.0,202.29,32.1615486145,32.3396530151,13.96201016,439.489460643,35.0
3,200.0,203.9,30.5438575745,30.6631240845,13.96201016,424.459218713,35.0
4,200.0,204.29,29.6104602814,29.9416503906,13.96201016,413.771486099,35.0
5,200.0,204.0,29.3141460419,29.7150344849,13.96201016,402.610731234,35.0
6,200.0,203.319,29.1518383026,29.6179161072,13.96201016,391.084797672,35.0
7,200.0,202.22,29.3045864105,29.6348667145,13.96201016,372.170066873,35.0
8,200.0,201.17,29.392786026,29.7099189758,13.96201016,353.495599901,35.0
9,200.0,200.26,29.3396244049,29.7416400909,13.96201016,334.913727744,35.0
10,200.0,199.569,29.4858455658,29.7831840515,13.96201016,339.157094885,35.0
11,200.0,198.97,29.6096458435,29.7844676971,13.96201016,327.213582336,35.0
12,200.0,198.51,29.4158344269,29.7020740509,13.96201016,315.589706975,35.0
13,200.0,198.08,29.6533432007,29.7190608978,13.96201016,303.925391764,35.0
14,200.0,197.769,29.1533298492,29.7039012909,13.96201016,292.535714454,35.0
15,200.0,197.5,29.5873451233,29.7850112915,15.43332,192.629902161,35.0
16,200.0,197.28,29.5178756714,29.774559021,15.43332,193.735734838,35.0
17,200.0,197.019,29.8947257996,30.1016960144,15.43332,188.827346105,35.0
18,200.0,197.14,29.6584854126,29.9486370087,15.43332,184.801229146,35.0
19,200.0,197.34,29.6238212585,29.8507175446,15.43332,179.734707884,35.0
20,200.0,197.69,29.7304153442,29.8068180084,15.43332,169.825053423,35.0
21,200.0,197.989,29.4501667023,29.7104873657,15.43332,164.023668816,35.0
22,200.0,198.19,29.3630466461,29.7500934601,15.43332,158.108573546,35.0
23,200.0,198.33,29.4938297272,29.8133602142,15.43332,152.24374448,35.0
24,200.0,198.459,29.5710067749,29.8733825684,15.43332,146.174277719,35.0
25,200.0,198.59,29.4013462067,29.875421524,15.43332,140.059203389,35.0
26,200.0,198.7,29.7522163391,29.9449424744,15.43332,129.897515942,35.0
27,200.0,198.84,29.7988014221,29.9506244659,15.43332,123.816021729,35.0
28,200.0,199.01,29.6613082886,29.9493732452,15.43332,117.776810957,35.0
29,200.0,199.129,29.5972633362,30.0225830078,15.43332,108.022529408,35.0
30,200.0,199.26,29.7834949493,30.0871124268,15.43332,98.4519858075,35.0
31,200.0,199.39,29.8933601379,30.0912818909,15.43332,92.7301818486,35.0
32,200.0,199.51,29.7807579041,30.0753211975,15.43332,83.8359307242,35.0
33,200.0,199.599,29.6316070557,30.0803089142,15.43332,78.4629076129,35.0
34,200.0,199.65,29.5437507629,30.1505241394,15.43332,77.547334623,35.0
35,200.0,199.659,29.8681049347,30.212015152,15.43332,72.1986567831,35.0
36,200.0,199.659,30.1145401001,30.2393531799,15.43332,67.0006843024,35.0
37,200.0,199.769,29.8676872253,30.1718006134,15.43332,62.0083606391,35.0
38,200.0,199.86,29.8954963684,30.156419754,15.43332,57.3039989865,35.0
39,200.0,199.92,29.7503547668,30.1485977173,15.43332,52.7280262689,35.0
40,200.0,199.98,30.0284957886,30.1567611694,15.43332,45.995399375,35.0
41,200.0,200.04,29.8436794281,30.1556491852,15.43332,42.0846489839,35.0
42,200.0,200.099,29.8282966614,30.1276683807,15.43332,36.4108777645,34.12
43,200.0,200.06,30.0470924377,30.1940555573,15.43332,33.1275567863,31.06
44,200.0,200.069,29.7888031006,30.2228794098,15.43332,28.6172767646,28.27
45,200.0,200.43,29.4502944946,29.7283039093,15.43332,26.1292383762,25.83
46,200.0,200.879,29.1158618927,29.2579975128,15.43332,24.0018784348,22.65
47,200.0,201.269,28.5607719421,28.9234161377,15.43332,22.2147356255,21.03
48,200.0,201.55,28.2018508911,28.70911026,15.43332,20.6890099723,19.73
49,200.0,201.659,28.3006057739,28.5428028107,15.43332,20.1363659681,19.26
50,200.0,201.739,28.2234802246,28.3533496857,15.43332,19.028073037,18.33
51,200.0,201.81,27.9770545959,28.084318161,15.43332,18.1665459459,17.67
52,200.0,201.78,27.3516998291,27.8880767822,15.43332,17.5631701763,17.26
53,200.0,201.64,27.3943977356,27.7869338989,15.43332,17.208328017,17.1
54,200.0,201.55,27.4943466187,27.6437339783,15.43332,17.0925837081,17.05
55,200.0,201.56,27.0342330933,27.3447628021,15.43332,17.0234799448,16.88
56,200.0,201.51,26.7292289734,27.0715503693,15.43332,16.6861421442,16.39
57,200.0,201.519,26.9330978394,26.9666442871,15.43332,16.3383603785,15.95
58,200.0,201.659,26.5742301941,26.8798522949,15.43332,15.9062038111,15.42
59,200.0,201.97,26.3814201355,26.7144470215,15.43332,15.4755726081,15.0
60,200.0,202.44,25.984128952,26.2592926025,15.43332,15.0847521192,15.0
61,200.0,202.879,25.3297805786,25.6290245056,15.43332,14.3764430983,15.0
62,154.382617474,203.129,24.8953037262,25.22448349,18.8286504,31.1097749865,15.0
63,155.392012596,202.65,25.1237697601,25.2612609863,18.8286504,42.2537703208,35.0
64,156.232694983,198.31,27.4294033051,27.6526966095,18.8286504,57.6388934618,35.0
65,157.192648252,194.09,29.128364563,29.220413208,18.8286504,70.0786873717,35.0
66,158.074935079,188.36,30.3995361328,30.1073818207,18.8286504,77.0154987217,35.0
67,158.908918301,183.45,30.4555950165,30.3570957184,18.8286504,78.2029490257,35.0
68,359.759369095,178.45,30.6671791077,30.7001972198,18.8286504,75.1162829021,35.0
69,360.628654957,174.37,31.6603393555,31.9684848785,18.8286504,69.7665938166,35.0
70,361.469802459,174.06,32.5395851135,32.8802757263,18.8286504,64.4936093206,35.0
71,362.315815886,179.29,30.8387260437,30.5976238251,18.8286504,58.0098121989,35.0
72,363.164825042,185.14,29.428062439,29.2034683228,18.8286504,55.3566216563,35.0
73,363.998388251,190.83,28.6638526917,28.4774188995,18.8286504,53.1488806608,35.0
74,364.886451761,195.92,27.9141273499,27.9800052643,18.8286504,51.0862521609,35.0
75,365.989615917,201.519,27.8977508545,27.8245220184,18.8286504,53.6581609395,35.0
76,366.823278268,206.799,27.7150497437,27.9016113281,18.8286504,49.1744945693,35.0
77,367.660698295,211.04,27.9388809204,28.0307426453,18.8286504,46.9249666857,35.0
78,368.496393363,215.34,27.9101257324,28.1559448242,18.8286504,44.7451739333,35.0
79,369.346469243,219.709,28.3710861206,28.2894077301,18.8286504,42.5555813435,35.0
80,370.322210789,225.299,28.5771141052,28.4355697632,18.8286504,38.4271442097,35.0
81,371.348465085,231.069,28.493598938,28.5569972992,18.8286504,34.6395852887,35.0
82,372.182984153,236.87,28.6947154999,28.7005958557,18.8286504,31.1695321156,35.0
83,373.032041589,241.53,28.9452590942,28.7761707306,18.8286504,29.3898206372,34.04
84,499.493272503,246.319,28.9210662842,28.8487167358,18.8286504,27.7398110129,29.1
85,498.658519189,252.86,28.8206958771,28.688035965,18.8286504,25.0675000435,27.47
86,497.682270805,258.299,28.9161071777,28.5232887268,18.8286504,23.7530235983,24.8
87,496.848341624,265.16,28.5275802612,28.3572654724,18.8286504,21.7667288162,23.55
88,495.82111915,270.53,28.3472290039,28.2773151398,18.8286504,23.1339480984,21.59
89,494.987492561,275.81,28.4976615906,28.2687397003,18.8286504,22.0525347064,20.68
90,494.153638283,282.449,28.1880683899,28.2391262054,14.10091004,16.1220917499,19.9
91,300.524157882,287.61,28.505865097,28.2119216919,14.10091004,17.163510123,15.97
92,303.032230139,292.04,29.0217418671,28.8578605652,14.10091004,17.6310418681,16.49
93,305.537237525,296.74,29.319234848,29.4443683624,14.10091004,16.8504769353,16.07
94,309.190951756,301.12,29.0406074524,29.0040912628,14.10091004,15.7462701557,15.2
95,499.716184934,305.0,28.0708389282,28.2322235107,14.10091004,14.8670670621,15.0
96,498.044573466,308.53,27.4249610901,27.5839176178,14.10091004,14.35782439,15.0
97,496.374956767,311.979,26.8728675842,27.0074653625,14.10091004,14.1555226801,15.0
98,494.693704844,316.78,26.599281311,26.5641098022,14.10091004,14.0501468077,15.0
99,492.909011841,320.979,26.1467571259,26.1996269226,14.10091004,13.8490621635,15.0
100,491.206076543,326.389,26.1060638428,25.936756134,14.10091004,13.3502418422,15.0
101,489.499915044,330.87,25.5781993866,25.6963119507,14.10091004,12.9892589243,15.0
102,487.779004971,335.539,25.401014328,25.4275627136,14.10091004,12.6816712836,15.0
103,485.978091558,340.36,24.9383296967,25.1305961609,14.10091004,12.4513883943,15.0
104,484.019831816,346.43,24.8273200989,24.5978355408,14.10091004,11.9806039626,15.0
105,482.335391839,352.35,24.1565551758,24.1586112976,16.85318544,20.4436631836,19.06
106,480.386404991,356.5,24.3856506348,24.3879489899,16.85318544,25.0305577552,24.67
107,478.374806643,360.75,25.1765460968,25.3142032623,16.85318544,28.2369759856,28.62
108,476.32515351,363.539,26.2524681091,26.5938491821,16.85318544,31.724449396,28.87
109,474.657996893,365.789,27.1373558044,27.4413280487,16.85318544,29.749836701,27.4
110,472.985276779,368.759,27.2992515564,27.7053508759,16.85318544,27.5244059789,25.36
111,302.699526946,372.77,27.3290557861,27.3415775299,16.85318544,25.8270422822,23.72
112,306.033966541,378.35,26.038236618,26.3408374786,16.85318544,23.6314829226,22.58
113,309.371469816,379.33,23.8672599792,24.5747928619,16.85318544,23.8492679059,21.82
114,312.715726693,377.52,23.3063640594,23.6101036072,16.85318544,23.2659752529,21.28
115,316.060520013,372.419,23.8393650055,23.8830680847,16.85318544,21.8448520974,20.08
116,319.403520425,367.729,24.3543834686,24.48503685,16.85318544,21.1890532434,19.54
117,322.739746571,363.24,24.7576808929,24.7649440765,16.85318544,20.4806355352,18.95
118,326.097713312,358.99,24.6910800934,24.7162380219,16.85318544,19.7702832156,18.36
119,329.432299932,353.83,24.4501609802,24.4264278412,16.85318544,18.457365432,17.81
120,332.765320142,350.75,24.2329826355,24.2439670563,16.85318544,18.4915378658,17.31
121,336.115357081,347.1,23.6872940063,24.0777950287,16.85318544,17.9276428184,16.86
122,339.45950985,343.96,23.3780250549,23.7467403412,16.85318544,17.4278721849,16.46
123,342.795759837,341.259,23.1138744354,23.1529216766,15.95290844,15.7111577234,16.14
124,346.264193853,340.55,22.125541687,22.467212677,15.95290844,16.0319710675,15.8
125,349.878866673,340.3,22.7419204712,23.1461105347,15.95290844,16.0829909928,16.12
126,353.232020537,341.9,22.9173736572,23.5949172974,15.95290844,16.0679494301,16.14
127,356.679753462,344.949,22.5773506165,22.8136558533,15.95290844,16.0324123948,16.06
128,360.10427316,348.46,21.6107769012,21.5395374298,15.95290844,16.0239224038,16.03
129,363.515766462,352.96,20.6044616699,20.3947658539,15.95290844,15.951893127,16.02
130,366.965673765,356.58,19.897485733,19.7539787292,15.95290844,15.9133395401,16.01
131,370.574496587,360.3,19.3314094543,19.3836650848,15.95290844,15.8756613509,15.94
132,373.995556831,364.88,18.7767333984,18.7754096985,15.95290844,15.748215773,15.91
133,377.900453409,368.31,18.4111938477,18.4232997894,15.95290844,15.7113878768,15.81
134,381.24146382,372.449,17.8272533417,17.9968242645,15.95290844,15.5593823095,15.78
135,385.224850178,375.56,17.5600261688,17.6593799591,15.95290844,15.534858177,15.65
136,388.608606656,379.259,17.0093517303,17.2085704803,15.95290844,15.3784056307,15.64
137,392.517580191,382.289,16.6531581879,16.7963790894,15.95290844,15.3722711489,15.5
138,395.85381031,385.81,16.2052936554,16.4506568909,15.95290844,15.2306241649,15.51
139,399.606073697,388.11,16.3556098938,16.6298122406,15.95290844,15.7420388473,15.38
140,402.947833538,390.25,16.6832180023,16.7323513031,15.95290844,15.7390793054,15.38
141,406.286973159,392.62,16.4642772675,16.6327667236,15.95290844,15.7388894978,15.37
142,409.632337093,394.96,16.5407867432,16.5461101532,15.95290844,15.7409697377,15.38
143,412.970193227,397.37,16.4734725952,16.5619850159,15.95290844,15.7427131936,15.38
144,416.311373711,400.11,16.4944019318,16.4602203369,15.95290844,15.7439485397,15.38
145,419.647967021,403.77,16.0956096649,16.2586402893,15.95290844,15.6438353283,15.39
146,422.990457217,406.71,15.878364563,15.926358223,15.95290844,15.6609810827,15.25
147,426.338706811,409.27,15.6174612045,15.8340930939,15.95290844,15.6821037327,15.29
148,429.673573176,411.75,15.6593770981,15.9236297607,15.95290844,15.6998237608,15.31
149,433.009119829,414.21,15.8309879303,16.1631679535,15.95290844,15.7125961106,15.33
150,436.3575236,416.91,15.9178495407,16.1322593689,15.95290844,15.7252307437,15.35
151,439.701867104,419.62,15.7147026062,16.1117858887,15.95290844,15.7325186627,15.37
152,443.052530289,422.37,16.1058502197,16.3212242126,15.95290844,15.7350128636,15.38
153,446.629743576,426.52,16.3361854553,16.150894165,15.95290844,15.6464936242,15.24
154,450.005930265,431.11,15.7127285004,15.5507230759,15.95290844,15.5669741168,15.27
155,453.87408336,434.24,15.2285060883,15.5105438232,15.95290844,15.6010920815,15.7
156,457.287689845,438.02,15.7817268372,15.6606254578,15.95290844,15.5245580787,15.73
157,461.294780572,441.16,15.489238739,15.5805425644,15.95290844,15.5582064404,15.66
158,464.651773771,444.319,15.4204044342,15.580321312,15.95290844,15.58699521,15.69
159,467.990043163,448.11,15.5232391357,15.7102041245,15.95290844,15.4929386835,15.6
160,471.327563127,451.289,15.6379470825,15.6101150513,15.95290844,15.5228702864,15.81
161,474.84893322,454.4,15.8881130219,15.9800777435,15.95290844,15.545108668,15.65
162,478.182713191,458.11,15.7683181763,15.7201137543,15.95290844,15.5716363629,15.67
163,481.534480254,461.59,15.6196956635,15.5700130463,15.95290844,15.6029051028,15.7
164,484.877566497,464.74,15.5726499557,15.7500286102,15.95290844,15.6284016448,15.72
165,488.214226564,468.729,15.8467979431,15.8600282669,15.95290844,15.5341579955,15.74
166,491.830360095,472.08,15.9149265289,15.8800287247,15.95290844,15.5558541995,15.66
167,495.168243249,475.21,16.0115585327,16.0900020599,15.95290844,15.5732072278,15.68
168,498.610473474,478.639,16.0685844421,16.1100101471,15.95290844,15.5892525633,15.69
169,498.606323401,483.43,15.8477897644,15.7000284195,15.95290844,15.4952295789,15.6
170,496.925305128,486.77,15.2875270844,15.5500030518,15.95290844,15.5279070397,15.63
171,495.256011486,489.66,15.6899862289,15.9099998474,15.95290844,15.4284736498,15.66
172,493.318885167,491.27,15.5592937469,15.8400783539,13.504155,13.3190666676,15.0
173,491.651541789,492.099,14.9832286835,15.1209554672,13.504155,13.2912572526,15.0
174,489.980393251,491.58,15.0957756042,15.2320508957,13.504155,13.2670306641,15.0
175,488.307460149,490.21,15.2031335831,15.332742691,13.504155,13.2348441965,15.0
176,486.632099946,488.46,15.0808353424,15.6736879349,13.504155,13.1982638242,15.0
177,484.961413145,486.27,15.6185731888,16.0931816101,13.504155,13.0321892454,15.0
178,483.207278252,484.699,15.7440910339,16.2820739746,13.504155,12.9592959893,15.0
179,481.497685115,482.91,16.1252803802,16.3605976105,13.504155,12.7293731318,15.0
180,479.563576778,481.65,16.0222816467,16.3200263977,13.504155,12.6338651989,15.0
181,477.880976597,480.16,15.7898740768,16.2006931305,13.504155,12.3601028906,15.0
182,475.912503401,478.97,15.8180503845,16.1090545654,16.27186372,22.8961340218,21.7
183,474.243833224,476.03,16.6660423279,16.9454460144,16.27186372,30.0747557732,27.37
184,472.558515072,473.639,20.2088222504,20.6902523041,16.27186372,38.2492970958,35.0
185,470.576825142,472.599,21.7376708984,22.341840744,16.27186372,45.5530033483,35.0
186,468.600215117,472.539,22.6339111328,23.4528026581,16.27186372,48.524467241,35.0
187,466.915971835,473.68,23.2197036743,23.7840442657,16.27186372,46.1531964498,35.0
188,465.184781551,474.74,22.8817138672,23.2371349335,16.27186372,44.154055124,35.0
189,463.500614961,474.84,22.1353683472,22.8114814758,16.27186372,42.2359689607,35.0
190,461.770135164,473.68,22.3533668518,23.0244312286,16.27186372,40.408892528,35.0
191,459.90999341,471.46,23.1267127991,23.5030040741,16.27186372,43.6860519246,35.0
192,458.23620677,468.03,23.8356113434,24.2292079926,16.27186372,39.7659375581,35.0
193,456.460461617,465.34,24.8085002899,25.2964229584,16.27186372,37.5515815361,34.65
194,454.473438263,462.62,26.0113754272,26.4749603271,16.27186372,33.5114255624,35.0
195,452.792688211,460.229,26.6137657166,27.1937217712,16.27186372,29.6439248362,32.79
196,450.782696803,458.21,27.2157669067,27.7436580658,16.27186372,27.4562397208,28.89
197,449.112366835,456.729,26.291475296,27.3198013306,16.27186372,25.5041120195,26.77
198,447.445656856,455.849,25.5031013489,25.9398384094,16.27186372,22.8711558968,23.9
199,445.436931849,454.759,24.593788147,25.1679420471,16.27186372,21.6740028277,22.58
200,443.432619969,452.41,24.7211380005,24.9269332886,16.27186372,19.9060893591,20.65
201,441.738806566,449.78,24.5224246979,24.9917621613,16.27186372,18.4826222129,19.73
202,439.867033164,447.849,24.8243141174,25.0992259979,16.27186372,19.3697613689,18.33
203,438.190904856,446.069,24.5497322083,25.0052871704,16.27186372,18.5708574862,17.69
204,436.52344346,444.31,24.4955215454,24.9110927582,16.27186372,17.8875302568,17.17
205,434.852718512,442.52,24.397190094,24.8593254089,16.27186372,17.344322669,16.77
206,433.182659944,440.71,24.3073692322,24.7957172394,16.27186372,16.9176338189,16.5
207,431.507618427,438.289,24.2402629852,24.7116165161,16.27186372,16.4283015943,16.34
208,429.839855035,436.44,24.1618881226,24.6023178101,16.27186372,16.3095911509,16.27
209,428.17057848,434.8,23.8874664307,24.423784256,16.27186372,16.2867456309,16.2
210,426.498841842,433.19,23.8056297302,24.1959209442,16.27186372,16.2474842364,16.09
211,424.829864899,431.59,23.5591850281,23.996301651,16.27186372,16.1645307325,15.93
212,423.155791759,429.96,23.250333786,23.7900524139,16.27186372,16.0418301021,15.74
213,421.487678289,428.3,23.4378070831,23.6006946564,16.27186372,15.8858960134,15.52
214,419.817621708,426.569,23.0302696228,23.3351955414,16.27186372,15.7103412946,15.27
215,418.146369855,424.789,22.8932914734,23.2105884552,16.27186372,15.5326253666,15.03
216,416.478081544,422.639,22.615896225,22.9787559509,16.27186372,15.1517563616,15.0
217,414.802766641,421.08,22.6118354797,22.7219581604,16.27186372,15.0295088945,15.0
218,413.132243156,419.81,21.7204742432,22.2396965027,16.27186372,14.9439449379,15.0
219,411.462868452,418.479,21.3889751434,21.830373764,16.27186372,14.8564000995,15.0
220,409.7917068,417.099,21.1890354156,21.5022964478,16.27186372,14.7290792646,15.0
221,408.119986852,415.699,20.9830932617,21.213809967,16.27186372,14.5776297469,15.0
222,406.448808511,414.259,20.7217750549,20.9467048645,16.27186372,14.4041565198,15.0
223,404.780913194,412.639,20.1500225067,20.590007782,16.27186372,14.2175431877,15.0
224,403.105851809,410.71,19.846830368,20.1860275269,17.9798178,29.3714999401,15.0
225,401.436138153,408.86,19.9426994324,19.941740036,17.9798178,38.6401188623,32.61
226,399.762175083,405.38,22.2362117767,22.5172157288,17.9798178,51.2677677946,35.0
227,398.079859813,402.289,24.7071704865,25.1821918488,17.9798178,66.342147341,35.0
228,396.385466655,399.85,26.4722824097,27.0042076111,17.9798178,80.3435844195,35.0
229,394.70178167,398.99,27.2669315338,27.7670249939,17.9798178,86.2941202156,35.0
230,392.828675111,399.02,27.5684566498,28.1106472015,17.9798178,85.9151821717,35.0
231,390.945374966,399.52,26.6690330505,27.1056175232,17.9798178,79.3033828735,35.0
232,389.266473452,398.78,25.6540737152,26.0510025024,17.9798178,75.8018697014,35.0
233,387.598499854,396.91,25.6518421173,26.0353946686,17.9798178,72.4863358694,35.0
234,385.929359992,394.169,26.3752269745,26.795797348,17.9798178,66.1869584848,35.0
235,384.195823272,392.169,27.1221656799,27.4851703644,17.9798178,62.6428848088,35.0
236,382.484808366,390.16,27.3984375,27.862039566,16.75544108,16.9326547309,16.94
237,380.768605073,388.16,27.2680912018,27.5675258636,16.75544108,17.0374213035,17.12
238,379.09804821,387.08,27.0338344574,27.3113632202,16.75544108,17.2414257127,17.24
239,377.405688365,386.13,25.3754463196,26.0513477325,16.75544108,17.2012848451,17.52
240,375.410259962,384.86,24.621213913,25.1944007874,16.75544108,17.2294120113,17.36
241,373.733921846,382.9,24.1205978394,24.6155452728,16.75544108,17.1536344331,17.34
242,371.749083201,381.19,24.1108474731,24.382774353,16.75544108,17.1946277471,17.22
243,370.07270654,378.919,24.005437851,24.214056015,16.75544108,17.2568758538,17.26
244,368.008778493,377.03,23.7301445007,24.1223697662,16.75544108,17.3716293572,17.31
245,366.334776481,374.43,23.5720176697,24.0891017914,16.75544108,17.3927524765,17.31
246,364.665985107,372.49,23.7872467041,24.1029872894,16.75544108,17.3952447104,17.28
247,362.996726831,371.21,23.753742218,23.9334411621,16.75544108,17.4340869314,17.22
248,361.3225317,369.19,23.156124115,23.5715026855,16.75544108,17.3032520388,16.96
249,359.654363394,367.509,22.8705043793,23.428396225,16.75544108,17.1858420674,16.8
250,357.987465064,365.81,22.9772052765,23.349899292,16.75544108,17.035453799,16.58
251,356.315876643,364.139,22.7808742523,23.2305488586,16.75544108,16.8661225495,16.35
252,354.647573233,362.539,22.7419681549,23.0265674591,16.75544108,16.6807500015,16.1
253,352.976164818,360.87,22.3619670868,22.7906131744,16.75544108,16.5054447708,15.87
254,351.299794912,358.78,22.0104751587,22.4396305084,16.75544108,16.0996442357,15.67
255,349.62902983,357.139,21.6246185303,22.1488285065,16.75544108,15.9936231927,15.2
256,347.961049875,355.699,21.3037700653,21.9245815277,16.75544108,15.8822937781,15.07
257,346.28835996,354.3,21.1613502502,21.5710754395,16.75544108,15.7635836594,15.0
258,344.618388414,352.91,20.8203926086,21.1953296661,16.75544108,15.6154551279,15.0
259,342.946938276,351.5,20.579082489,20.7786064148,16.75544108,15.459883426,15.0
260,341.27568682,350.09,19.945941925,20.3520050049,16.75544108,15.2978611767,15.0
261,339.605636597,348.37,19.6045837402,20.062625885,16.75544108,15.1354370489,15.0
262,337.934215069,346.13,19.5214271545,19.8239936829,16.75544108,14.5971679042,15.0
263,336.263835033,344.669,19.143611908,19.5671882629,16.75544108,14.4357698412,15.0
264,334.588098526,343.38,18.8665103912,19.186006546,16.75544108,14.2908654358,15.0
265,332.920746803,341.75,18.5500240326,18.8309593201,16.75544108,13.7963641646,15.0
266,331.250176827,340.82,18.1584377289,18.5100688934,16.75544108,14.0857205088,15.0
267,329.575571616,339.55,17.9572753906,18.260011673,16.75544108,14.0068796777,15.0
268,327.899471521,338.33,17.873664856,17.9700431824,16.75544108,13.9647885663,15.0
269,326.109788418,336.72,17.3241939545,17.7304763794,16.75544108,13.5512367169,15.0
270,324.43216006,335.22,16.8883934021,17.3717975616,16.75544108,13.1638843146,15.0
271,322.621913354,333.449,17.1480789185,17.3911495209,16.75544108,13.1634542918,15.0
272,320.821795066,331.65,17.1249446869,17.5404090881,16.75544108,13.167300516,15.0
273,319.153001706,329.509,17.3392791748,17.6301803589,16.75544108,12.7284505234,15.0
274,317.368079821,327.96,17.4376869202,17.6102828979,16.75544108,12.7181697435,15.0
275,315.564415058,326.479,17.3100605011,17.5606403351,16.75544108,12.7000192705,15.0
276,313.881156842,324.56,17.1189308167,17.4615135193,16.75544108,12.2794800097,15.0
277,312.202558517,322.93,17.1402816772,17.4619350433,16.75544108,12.2704711308,15.0
278,310.496505102,321.509,17.1923046112,17.4435119629,16.75544108,12.2900788954,15.0
279,308.691511552,320.33,16.9791908264,17.2521133423,16.75544108,12.2984574892,15.0
280,307.023181518,319.08,16.9956150055,17.0705738068,16.75544108,12.3176926819,15.0
281,305.347694953,317.44,16.5886535645,16.9400119781,16.75544108,11.9461942676,15.0
282,303.55148832,316.07,16.597738266,16.8902950287,16.75544108,11.9934312819,15.0
283,301.797784964,314.449,16.7640743256,16.8813056946,16.75544108,12.0645307823,15.0
284,300.129648447,312.38,16.5939788818,17.0212955475,16.75544108,11.6638967097,15.0
285,303.090733687,311.02,16.7275485992,17.0300102234,16.75544108,11.7179968601,15.0
286,307.05020984,309.889,16.8362007141,16.9004993439,12.99999988,10.0661588256,15.0
287,310.408356984,308.59,17.3967285156,18.006893158,12.99999988,10.6589768345,15.0
288,313.815893332,309.57,18.8417472839,19.2319774628,12.99999988,10.5609620974,15.0
289,317.17026631,312.389,19.0788612366,19.1432952881,12.99999988,10.1786493662,15.0
290,320.744009813,316.19,18.1578140259,18.0756206512,12.99999988,10.0013800019,15.0
291,324.080077012,320.1,17.2985515594,17.0696105957,12.99999988,10.0618301459,15.0
292,327.415859699,324.55,16.6448326111,16.5101184845,12.99999988,10.0212198912,15.0
293,331.11691316,327.91,16.3006744385,16.2996921539,12.99999988,11.102490244,15.0
294,334.453856945,331.08,16.0675983429,16.1806049347,12.99999988,11.2248490965,15.0
295,337.796443303,334.03,16.0537281036,16.1299381256,12.99999988,11.3132698407,15.0
296,341.135543187,336.8,16.0223846436,16.067855835,12.99999988,11.3774026702,15.0
297,344.479570389,339.43,15.8512992859,16.036359787,12.99999988,11.4093151181,15.0
298,347.82409668,341.889,16.094625473,16.0029621124,12.99999988,11.4340076818,15.0
299,351.16111358,344.18,15.7680597305,15.986084938,12.99999988,11.4703030642,15.0
300,354.527069728,346.949,15.8047847748,15.9207277298,12.99999988,11.3595451873,15.0
301,357.860806783,349.02,15.6617612839,15.8791246414,18.58686172,19.6482097598,15.0
302,361.194753647,351.009,16.1448402405,16.0252914429,18.58686172,20.0988931151,20.09
303,364.534316858,351.5,17.2142105103,17.7255802155,18.58686172,22.0225871087,20.46
304,367.877883116,352.0,19.2574768066,19.6707420349,18.58686172,24.5303075991,22.32
305,371.234753132,353.259,20.4578418732,20.9606590271,18.58686172,26.194534941,23.89
306,374.569570223,355.68,21.7199192047,21.9331016541,18.58686172,25.7198396968,24.43
307,377.903076808,358.35,21.9713821411,22.188085556,18.58686172,25.3441730423,24.21
308,381.24903361,361.509,22.2722244263,22.340429306,18.58686172,25.0744159419,23.26
309,384.593153,364.53,22.2257976532,22.3955211639,18.58686172,24.8940044617,23.12
310,387.933197021,366.93,22.3000164032,22.6156253815,18.58686172,24.7667139462,23.01
311,391.27796332,369.78,22.256526947,22.5487632751,18.58686172,24.6768865587,22.92
312,394.616072973,372.84,22.2003231049,22.5849933624,18.58686172,24.5687312606,22.86
313,397.970996698,376.669,22.3684082031,22.4282531738,18.58686172,24.4687024227,22.77
314,401.305507024,380.91,22.1843929291,21.98777771,18.58686172,24.3592620353,22.7
315,404.640303453,384.77,22.2179222107,22.1104354858,18.58686172,24.2217655806,22.6
316,407.982013226,389.81,22.167257309,22.1868648529,18.58686172,23.4399714903,22.47
317,411.320450306,393.91,22.1205673218,22.0293998718,18.58686172,23.2640826739,21.87
318,414.683240255,398.009,21.7876434326,22.0040092468,18.58686172,23.0912092963,21.75
319,418.044439952,404.25,21.4360084534,20.9114246368,18.58686172,23.0116902746,21.64
320,421.404423714,414.46,19.5120849609,18.1236476898,18.58686172,22.6800095836,21.71
321,424.796202977,421.96,18.1484069824,16.6895046234,18.58686172,22.9739865379,21.9
322,428.456509908,428.349,16.8012657166,16.0854110718,14.49703192,14.2668090796,15.0
323,431.791603565,433.86,16.3168106079,15.925491333,14.49703192,14.5322902636,15.0
324,435.265127023,439.71,16.5290317535,16.2825107574,14.49703192,14.5648562571,15.0
325,438.982760111,444.599,16.402633667,16.1874160767,14.49703192,14.5894971824,15.0
326,442.394830386,450.41,16.2089977264,15.9490251541,14.49703192,14.5575631683,15.0
327,446.299540202,453.949,15.8513278961,15.8015089035,14.49703192,14.5542742605,15.0
328,449.676366647,457.229,15.5386514664,15.7755918503,14.49703192,14.5460426485,15.0
329,453.688999812,459.05,15.2918739319,15.6814050674,14.49703192,14.5438175896,15.0
330,457.027516365,461.47,15.6573047638,15.8033733368,14.49703192,14.5234606688,15.0
331,460.882879893,463.229,15.0772294998,15.4082632065,14.49703192,14.5205016351,15.0
332,464.252856572,465.62,14.9246559143,15.2226438522,14.49703192,14.4849227184,15.0
333,468.154133161,467.61,14.6164875031,14.9067926407,14.38899868,17.3857435428,15.75
334,471.504143079,468.919,15.1841087341,15.2940044403,14.38899868,21.2430998854,18.63
335,474.843813578,469.349,16.996509552,17.1937923431,14.38899868,26.2097126307,22.81
336,478.185500304,469.319,18.7836227417,19.3647346497,14.38899868,30.8775277542,27.28
337,481.534059842,469.66,21.0307941437,21.5244464874,14.38899868,32.7381686224,30.26
338,484.882539908,470.759,22.0626869202,22.6140880585,14.38899868,32.0985469875,29.66
339,488.387086391,472.52,22.6921463013,23.2051010132,14.38899868,30.2453962264,28.11
340,491.72492981,474.66,23.078754425,23.4684581757,14.38899868,28.2585178463,28.25
341,495.711979866,477.27,23.3707771301,23.8472213745,14.38899868,25.1436163729,26.35
342,499.086063703,479.84,23.4503498077,23.9216461182,14.38899868,22.4749608378,24.62
343,498.60735019,478.18,23.8924636841,24.2850589752,14.38899868,21.0239010407,23.02
344,496.914230188,472.639,25.9855766296,25.9690933228,14.38899868,19.5417583648,21.47
345,495.227018595,468.16,28.1115646362,28.5370368958,14.38899868,17.9412929979,19.73
346,493.558684985,465.25,27.7292823792,28.5640468597,14.38899868,15.9958627151,17.26
347,491.8176651,462.889,27.0774097443,27.5691013336,14.38899868,15.1802846043,15.58
348,489.951130152,459.99,26.956489563,27.222196579,14.38899868,14.6743434438,15.0
349,488.265145222,456.86,26.5713310242,27.1280288696,14.38899868,14.3994701625,15.0
350,486.456878583,455.169,26.6020832062,27.1715869904,14.38899868,14.322042178,15.0
351,484.739909967,454.65,26.1486721039,26.9495544434,14.38899868,14.1146224249,15.0
352,483.072608312,455.08,25.7512054443,26.5647907257,14.38899868,13.5620421603,15.0
353,481.400880019,455.25,25.8948535919,26.3622741699,14.38899868,13.3901784719,15.0
354,479.728946686,455.59,25.3539066315,26.2127685547,14.38899868,12.9498527539,15.0
355,478.060988585,456.61,25.2334938049,25.9157943726,14.38899868,12.5719999673,15.0
356,476.393285195,457.919,24.7382888794,25.1663131714,14.38899868,12.2835329596,15.0
357,474.72588857,458.86,23.831035614,24.348783493,14.38899868,11.7405296145,15.0
358,472.859678268,459.3,23.3099937439,23.9412212372,14.38899868,11.4479851494,15.0
359,471.122230291,459.849,22.9750518799,23.4703598022,14.38899868,10.6513226677,15.0
360,469.271283547,460.37,22.6254692078,22.9201221466,14.38899868,10.1114577987,15.0
361,467.592458328,461.349,21.6917533875,22.0650787354,14.38899868,8.99144973077,15.0
362,465.752625068,461.569,21.0629386902,21.519908905,14.38899868,9.84037710872,15.0
363,464.072100321,461.5,20.525062561,20.9533576965,14.38899868,9.27911726148,15.0
364,462.334266901,461.22,20.0938301086,20.4142894745,14.38899868,8.74955650113,15.0
365,460.660216808,460.5,19.4455490112,19.8577747345,14.38899868,7.68360645435,15.0
366,458.9567252,459.759,18.7766723633,19.3626422882,14.38899868,7.17553122537,15.0
367,457.283451955,458.9,18.3988742828,18.9300003052,14.38899868,6.72008384041,15.0
368,455.600805283,457.949,17.973526001,18.5706043243,14.38899868,6.28658624189,15.0
369,453.933910131,456.93,17.6378116608,18.11186409,14.38899868,5.91257429339,15.0
370,452.254626751,455.289,17.9082221985,18.1926422119,14.38899868,5.5059037776,15.0
371,450.58627526,453.37,18.0840263367,18.4719734192,14.38899868,4.47166227561,15.0
372,448.885888656,452.11,17.9203300476,18.3916988373,14.38899868,4.01760678759,15.0
373,447.129210234,450.919,17.8616962433,18.1924743652,14.38899868,3.61232863228,15.0
374,445.453180075,449.75,17.6138553619,18.0235958099,14.38899868,3.19213370939,15.0
375,443.733525276,448.59,17.4304199219,17.8264636993,14.38899868,2.80062082937,15.0
376,441.714526812,447.02,17.0340061188,17.5716590881,14.38899868,1.83227918998,15.0
377,440.046280225,445.16,17.2090778351,17.4370098114,14.38899868,1.07441984407,15.0
378,438.358225028,443.66,16.9514751434,17.3875026703,14.38899868,0.945498087272,15.0
379,436.652996937,442.37,16.9010982513,17.302904129,14.38899868,0.963521705159,15.0
380,434.985948404,441.319,16.9553718567,17.1485996246,14.38899868,1.105697187,15.0
381,433.30712835,440.34,16.6730861664,16.9513225555,14.38899868,1.31854387448,15.0
382,431.514526606,439.31,16.1211547852,16.6712322235,14.38899868,1.52587947808,15.0
383,429.842200279,437.8,16.0553016663,16.5045566559,14.38899868,2.37938419022,15.0
384,428.070331812,436.5,16.126783371,16.4614467621,15.56707544,1.3897005668,15.0
385,426.267128388,435.069,16.2285442352,16.438993454,15.56707544,1.4111066679,15.0
386,424.568691651,433.19,16.2015724182,16.5365657806,15.56707544,2.06611611813,15.0
387,422.812778552,431.91,16.3240890503,16.5279045105,15.56707544,2.11966721835,15.0
388,421.13384525,430.75,16.1162261963,16.4169330597,15.56707544,2.13358636449,15.0
389,419.329950015,429.56,15.8499774933,16.2706756592,15.56707544,2.14136647166,15.0
390,417.66067028,427.91,15.8274383545,16.2077140808,15.56707544,2.82133111659,15.0
391,415.876135031,426.55,16.118270874,16.2137775421,15.56707544,2.82057543762,15.0
392,413.963535229,425.21,15.9267730713,16.2039985657,15.56707544,0.958846919845,15.0
393,412.295128504,423.66,16.1019496918,16.2639846802,15.56707544,0.956508161288,15.0
394,410.621971687,421.69,16.0161170959,16.4567108154,15.56707544,1.05428295525,15.0
395,408.953075012,420.44,16.318403244,16.4495353699,15.56707544,1.06895776715,15.0
396,407.281143268,419.28,15.9880075455,16.3056697845,15.56707544,1.08396108235,15.0
397,405.612118642,418.039,15.9693775177,16.2046928406,15.56707544,1.08465343532,15.0
398,403.937036991,416.74,15.6893453598,16.1744651794,15.56707544,1.07006625383,15.0
399,402.258796692,415.36,15.9894523621,16.1833648682,15.56707544,1.06956050671,15.0
400,400.59134682,413.61,15.8604755402,16.2409973145,15.56707544,1.54988767296,15.0
401,398.918910027,412.58,15.8469085693,16.2407875061,15.56707544,1.07736886633,15.0
402,397.24775513,411.18,16.128704071,16.2600765228,15.56707544,1.07539780321,15.0
403,395.572080215,409.71,16.0321464539,16.3001499176,15.56707544,1.07804540794,15.0
404,393.891980251,408.28,15.8463916779,16.3502483368,15.56707544,1.08832212803,15.0
405,392.215330203,406.729,16.1498069763,16.4000473022,15.56707544,1.09826806192,15.0
406,390.507405202,405.229,16.1306552887,16.4803028107,15.56707544,1.10531268224,15.0
407,388.725990057,403.789,16.1477222443,16.5006809235,15.56707544,1.13197632156,15.0
408,386.894746621,401.889,16.2084293365,16.5520401001,15.56707544,1.69863369404,15.0
409,385.155861775,400.05,16.2330875397,16.6036891937,15.56707544,2.42653292179,15.0
410,383.246030013,398.169,16.2734355927,16.5944232941,15.56707544,3.17094470197,15.0
411,381.560560067,396.039,16.6257457733,16.776632309,15.56707544,4.0299052408,15.0
412,379.863176743,394.66,16.6387786865,16.8152580261,15.56707544,4.14533642614,15.0
413,378.175988595,393.03,16.2743587494,16.6451587677,15.56707544,4.98598578203,15.0
414,376.325336695,391.58,16.626209259,16.6587047577,15.56707544,5.04843655163,15.0
415,374.631225268,389.97,16.1471157074,16.5700759888,15.56707544,5.90303409198,15.0
416,372.954889933,388.58,16.1850013733,16.5167064667,15.56707544,5.952097135,15.0
417,371.2875851,387.06,16.3865756989,16.5266361237,15.56707544,5.97382159603,15.0
418,369.51429685,385.88,16.4300880432,16.5767097473,15.56707544,5.23748852071,15.0
419,367.807524999,384.3,16.470123291,16.6537666321,15.56707544,5.32382990648,15.0
420,366.138868332,382.28,16.5311012268,16.7615871429,15.56707544,6.22934525859,15.0
421,364.100785255,380.6,16.6248989105,16.8472690582,14.275821,18.8481681712,18.89
422,362.152910233,377.71,18.2510356903,18.3101634979,14.275821,23.2054958587,20.82
423,360.47894001,375.11,20.8751144409,21.0296096802,14.275821,23.821157286,21.74
424,358.798718452,373.19,21.7533168793,22.260307312,14.275821,23.0685197142,21.32
425,357.128366629,371.75,22.45545578,22.8695983887,14.275821,20.7486778645,19.3
426,355.458716949,371.05,21.9677009583,22.2895069122,14.275821,19.7807477973,18.36
427,353.789436817,371.729,20.1757469177,20.5505466461,14.275821,18.7342227053,17.34
428,352.118705114,371.87,19.1182785034,19.6032276154,14.275821,18.636586987,17.22
429,350.444926818,371.289,18.3998966217,18.7834205627,14.275821,18.659382932,17.22
430,348.772763411,370.069,18.1619186401,18.370010376,14.275821,18.7698045004,17.28
431,347.097165187,370.419,17.6100902557,17.9384422302,14.275821,18.8685619876,17.38
432,345.428870122,373.21,16.3939971924,16.3311042786,14.275821,19.6142117764,17.96
433,343.758651813,377.15,13.2361412048,13.0442819595,14.275821,20.2004763286,18.39
434,342.085963488,378.5,11.8024969101,11.6240825653,14.275821,21.0283864022,19.08
435,340.416278442,375.819,13.4297599792,13.2145528793,14.275821,21.7676150937,19.77
436,338.748333454,371.13,17.1292209625,16.9623641968,14.275821,22.0608592889,20.15
437,337.074863513,365.86,19.3129463196,18.7352294922,14.275821,21.8839334802,20.07
438,335.407278538,359.71,21.3750743866,21.425786972,14.275821,20.5228685094,18.96
439,333.736458619,356.949,21.4912490845,22.1032218933,14.275821,19.7800471307,18.32
440,332.064108451,355.11,21.2812137604,21.5984115601,14.275821,19.0866643069,17.7
441,330.391995112,352.52,20.8780441284,20.9967250824,14.275821,17.868327031,17.16
442,328.725399971,350.65,20.6149368286,20.8204956055,14.275821,17.9505271398,16.7
443,327.052661975,348.229,20.4263515472,20.7357692719,14.275821,17.4178804011,16.24
444,325.382503271,345.889,20.1426696777,20.5941009521,14.275821,16.9188908133,15.82
445,323.711785078,343.509,20.2168045044,20.4617938995,14.275821,16.447404708,15.42
446,322.042503357,340.56,20.2458782196,20.3783435822,14.275821,15.5136105684,15.04
447,320.365668535,338.289,19.9823265076,20.295545578,14.275821,15.1094707081,15.0
448,318.699008624,336.43,19.7676811218,20.0853404999,14.275821,14.741727845,15.0
449,317.030531963,334.6,19.372379303,19.8392047882,14.275821,14.4329621459,15.0
450,315.361468395,332.75,19.4311637878,19.592716217,14.275821,14.1561144347,15.0
451,313.687936862,330.83,19.2645950317,19.4052829742,14.275821,13.9289726372,15.0
452,312.01726675,328.979,19.0372371674,19.2757377625,14.275821,13.7092793628,15.0
453,310.349750121,327.15,18.6426696777,19.0497894287,14.275821,13.5388363918,15.0
454,308.679478566,324.949,18.8564682007,19.0409698486,14.275821,13.3961254267,15.0
455,307.006446918,322.6,18.9907684326,19.1246528625,14.275821,13.2727786646,15.0
456,305.328038534,319.889,19.0401077271,19.2104606628,14.275821,13.1113198395,15.0
457,303.661695321,317.88,19.0772380829,19.2107524872,14.275821,13.074524896,15.0
458,301.993171771,316.32,18.815196991,18.9939212799,14.275821,13.0691663538,15.0
459,300.321746667,314.759,18.2507743835,18.7343978882,14.275821,13.0621125917,15.0
460,302.702700297,313.09,18.5892658234,18.5867500305,14.275821,13.0382167584,15.0
461,306.037006378,311.47,18.2795848846,18.4470767975,14.275821,12.9995784232,15.0
462,309.37797308,309.99,18.1667041779,18.3389644623,14.275821,12.9632538672,15.0
463,312.719782988,309.8,18.3570480347,18.7707958221,14.275821,12.9055766653,15.0
464,316.078146299,311.62,18.4496574402,18.7261867523,14.275821,12.7188297351,15.0
465,319.411696593,313.96,18.2132492065,18.4464988708,14.275821,12.6280390944,15.0
466,322.756593227,316.57,18.0011882782,18.067483902,14.275821,12.526582877,15.0
467,326.10654672,319.56,18.0291137695,17.8614788055,14.275821,12.4267866401,15.0
468,329.44214344,322.75,17.7174129486,17.6216335297,14.275821,12.3275791213,15.0
469,332.781993548,326.0,17.4820747375,17.4637260437,14.275821,12.2353891701,15.0
470,336.1201636,329.22,17.3622817993,17.3333492279,14.275821,12.1441986664,15.0
471,339.470746517,332.389,17.2989139557,17.2569675446,14.275821,12.0555301588,15.0
472,342.813233534,335.5,17.1920661926,17.1311321259,14.275821,11.9846953251,15.0
473,346.156343619,338.509,16.9268245697,17.0488986969,14.275821,11.9355107547,15.0
474,349.4992431,341.43,16.6481056213,16.9914836884,20.36683796,28.7092590609,15.0
475,352.870206833,344.65,17.3010673523,17.4213809967,20.36683796,36.9543945142,30.76
476,356.470197042,345.53,18.9161224365,19.4044971466,20.36683796,46.77527386,35.0
477,360.42162021,346.88,20.9042816162,21.413230896,20.36683796,56.3666260484,35.0
478,363.802982966,349.13,22.4793052673,22.6167812347,20.36683796,59.9756678339,35.0
479,367.181689739,351.6,22.6015758514,23.0307826996,20.36683796,60.4871308874,35.0
480,370.871173541,354.55,22.9498596191,23.1146812439,20.36683796,59.724491838,35.0
481,374.249669711,357.47,22.8309173584,23.0799503326,20.36683796,58.9001866031,35.0
482,377.592542966,360.06,22.8592834473,23.159570694,20.36683796,58.1778255553,35.0
483,380.935119788,362.36,22.9597396851,23.3715763092,20.36683796,57.516093836,35.0
484,384.363140265,364.96,23.2361297607,23.7203559875,20.36683796,54.7131285886,35.0
485,387.741516431,366.75,23.7632904053,24.0420665741,20.36683796,53.8607108672,35.0
486,391.081296603,368.069,24.2082920074,24.6149082184,20.36683796,52.8384768959,35.0
487,394.625736872,369.11,24.931350708,25.3598594666,20.36683796,51.6000334032,35.0
488,397.969322999,370.18,25.6460533142,26.1106204987,20.36683796,50.1406740222,35.0
489,401.327702999,371.66,26.6046676636,26.9269104004,20.36683796,46.4180355559,35.0
490,404.721323649,373.1,27.0278167725,27.5648422241,20.36683796,44.6666107703,35.0
491,408.15221707,376.47,27.290184021,27.597869873,20.36683796,42.9248274275,35.0
492,411.537670294,380.919,26.8627090454,27.1543750763,20.36683796,41.3612929396,35.0
493,414.915470282,385.27,26.8333015442,26.9238071442,20.36683796,39.9373928947,35.0
494,418.275343577,389.139,26.7390193939,27.023557663,20.36683796,38.5592162933,35.0
495,421.623336474,393.53,27.136302948,27.4464302063,20.36683796,35.5393126816,35.0
496,425.075456301,397.1,27.3527908325,27.7953948975,20.36683796,34.1693443349,35.0
497,428.771247069,400.789,27.7344665527,28.0585098267,20.36683796,32.8033204033,34.29
498,432.122493585,404.699,28.1884765625,28.3371276855,20.36683796,31.4603775866,32.87
499,436.418440342,409.819,28.3217926025,28.5887336731,20.36683796,32.9324028916,30.15
500,439.757116636,414.09,28.6379547119,28.7597389221,20.36683796,31.4924085501,28.91
501,443.096706867,419.949,28.707736969,28.8052005768,20.36683796,28.8761185381,27.74
502,446.443656286,425.009,28.4912376404,28.7275924683,20.36683796,27.7328790402,25.71
503,449.798213641,429.91,28.464717865,28.6537284851,20.36683796,26.6798020908,24.86
504,453.133926392,434.729,28.3974227905,28.5848503113,20.36683796,25.7454048249,24.11
505,456.477313042,439.449,28.0513954163,28.4855327606,20.36683796,24.9122360426,23.46
506,459.817706744,443.979,28.1856651306,28.4190864563,20.36683796,24.1779077314,22.91
507,463.172776699,448.36,28.1780700684,28.3036613464,20.36683796,23.5424631194,22.45
508,466.81347688,453.789,27.7495288849,28.1269054413,20.36683796,22.5183898184,21.79
509,470.172406832,458.77,27.5128860474,27.8498001099,20.36683796,21.8622037767,21.61
510,474.056100051,462.36,27.198097229,27.6649703979,20.36683796,21.6706641766,21.89
511,477.394677003,466.47,27.2578620911,27.5419120789,20.36683796,21.5070235094,21.7
512,480.792373021,469.55,26.8701820374,27.308971405,20.36683796,21.5150035511,21.58
513,484.23968633,472.509,26.466917038,27.1215057373,20.36683796,21.4780845546,21.52
514,487.979579767,475.319,26.5751132965,26.949005127,20.36683796,21.4197005023,21.53
515,491.56790336,478.77,26.0567512512,26.6564598083,20.36683796,21.1822231749,21.33
516,495.153126717,481.669,26.193862915,26.4735374451,20.36683796,21.0477326455,21.22
517,498.489876588,484.889,25.8710823059,26.0936965942,20.36683796,20.7000791976,21.12
518,498.932263454,487.47,25.2130737305,25.8267841339,20.36683796,20.5791432208,20.81
519,497.207741737,490.05,25.159072876,25.6000061035,20.36683796,20.5057046528,20.74
520,495.437181791,492.09,24.5331478119,25.1379432678,20.36683796,20.4579699485,20.69
521,493.753406604,493.59,23.8507156372,24.569355011,20.36683796,20.1407391875,20.66
522,491.988941828,493.66,23.5059280396,23.9401016235,20.36683796,20.0841659002,20.36
523,490.190629959,492.83,23.1506023407,23.4062976837,20.36683796,20.0264945073,20.31
524,488.502868414,491.06,22.5350875854,22.8222885132,20.36683796,19.6458006669,20.26
525,486.637283166,489.289,21.9071426392,22.4132213593,20.36683796,20.6794611007,19.9
526,484.966260195,487.33,21.9082832336,22.2340927124,20.36683796,20.6301363804,19.84
527,483.295675119,485.4,21.5862960815,22.1127681732,20.36683796,20.5824177093,19.78
528,481.625476678,483.59,21.3706474304,21.9127960205,20.36683796,20.5284184724,19.71
529,479.955579837,481.91,21.2798080444,21.8025608063,20.36683796,20.4884326584,19.66
530,478.282996813,482.65,20.8685836792,21.1670722961,14.29639876,14.092799493,19.63
531,476.614083449,488.759,18.224193573,18.1603736877,14.29639876,13.6684035568,15.0
532,474.934053421,493.289,14.1685857773,13.8924427032,14.29639876,13.6914858196,15.0
533,473.206296762,496.52,11.4400997162,11.5788640976,14.29639876,13.8330146313,15.0
534,471.191888253,499.18,9.36850070953,9.75539398193,14.29639876,13.9348613073,15.0
535,469.521891673,500.77,8.52258300781,8.83529853821,14.29639876,14.1278946416,15.0
536,467.522731622,501.34,8.13442897797,8.64398670197,14.29639876,14.3919741805,15.0
537,465.508843263,501.37,9.11932563782,9.47684001923,14.29639876,14.5214298152,15.0
538,463.818213542,500.09,11.0103530884,11.349489212,14.29639876,14.5738376622,15.0
539,461.826769908,498.62,12.3729219437,12.5508642197,14.29639876,14.6654405817,15.0
540,460.113481681,497.18,13.2944879532,13.5315999985,14.29639876,14.6167929926,15.0
541,458.238644997,496.11,13.5633201599,13.8532485962,14.29639876,15.0241936486,15.0
542,456.567988396,494.86,13.5097503662,14.090297699,14.29639876,15.0375425951,15.0
543,454.896416664,493.41,14.1146917343,14.4309282303,14.29639876,15.0414610222,15.0
544,453.226026694,491.819,14.4136257172,14.7905540466,14.29639876,15.0426201606,15.0
545,451.553376516,489.94,14.8021850586,15.1804141998,14.29639876,15.0412185172,15.0
546,449.886028369,487.27,15.3685054779,15.8292160034,14.29639876,14.9643104898,15.0
547,448.203301827,485.19,16.2066612244,16.3759727478,14.29639876,14.9383723829,15.0
548,446.522791783,483.46,16.481552124,16.6344509125,14.29639876,14.9080003319,15.0
549,444.805494944,481.949,16.5322856903,16.7047042847,14.29639876,14.8699475086,15.0
550,442.922638257,479.97,16.4956264496,16.754655838,14.29639876,14.7280776842,15.0
551,441.230831544,478.319,16.4661655426,16.8375682831,14.29639876,14.6752866515,15.0
552,439.181981881,476.19,16.729019165,16.9637393951,14.29639876,14.4728627188,15.0
553,437.511631648,474.31,16.7770709991,17.0916156769,14.29639876,14.4000497341,15.0
554,435.819996595,471.509,17.1401157379,17.5061264038,14.29639876,14.1423722137,15.0
555,434.079130093,469.47,17.5788021088,17.7871112823,14.29639876,14.0203738742,15.0
556,432.266026735,467.68,17.4004058838,17.8500709534,14.29639876,13.8730091034,15.0
557,430.546499888,465.69,17.4395275116,17.8744983673,14.29639876,13.7155779565,15.0
558,428.861836592,462.93,17.9214096069,18.0945301056,14.29639876,13.3102083496,15.0
559,427.020345132,460.77,17.9523944855,18.2854404449,14.29639876,13.1651543652,15.0
560,425.352038542,458.669,18.1547241211,18.3931331635,14.29639876,13.0261812486,15.0
561,423.682511648,455.68,18.5287284851,18.519536972,14.29639876,12.6437742591,15.0
562,421.988911629,453.169,18.6294116974,18.893913269,14.29639876,12.5291269642,15.0
563,420.115675131,450.789,18.8621139526,19.1048679352,14.29639876,12.4024648298,15.0
564,418.391100168,448.65,18.9558296204,19.2446060181,14.29639876,12.2516960777,15.0
565,416.676743428,446.46,18.6704559326,19.1773319244,14.29639876,11.6899457751,15.0
566,414.781031609,444.78,18.7493133545,19.0053157806,14.29639876,12.5704377893,15.0
567,413.108834823,442.93,18.7759838104,18.904296875,14.29639876,12.3422818113,15.0
568,411.388548215,440.63,18.6518669128,18.8502635956,14.29639876,11.7432306624,15.0
569,409.703110059,438.58,18.7883663177,18.869852066,14.29639876,11.4353392883,15.0
570,407.934943438,436.449,18.5931358337,18.9254245758,14.29639876,11.1021955519,15.0
571,406.266440153,433.56,18.7397575378,19.0374717712,14.29639876,10.2975159142,15.0
572,404.599055052,431.55,18.7819671631,19.1625671387,14.29639876,9.89557598863,15.0
573,402.902223269,429.65,18.6380214691,19.1027355194,14.29639876,9.50480883501,15.0
574,400.957333247,427.71,18.692358017,19.0369548798,14.29639876,9.08150814979,15.0
575,399.266736507,425.3,18.5922317505,19.0023822784,14.29639876,8.10519381047,15.0
576,397.488549948,423.38,18.6661167145,18.963104248,14.29639876,7.635226736,15.0
577,395.698175033,421.49,18.4290351868,18.9304656982,14.29639876,7.15406740614,15.0
578,394.030261834,419.53,18.639289856,18.9095211029,16.79145216,29.6306721673,29.56
579,392.36242334,415.37,18.9226970673,19.1063404083,16.79145216,33.3840433967,33.74
580,390.415896575,411.02,21.6159362793,21.5561904907,16.79145216,35.312944963,35.0
581,388.742345174,406.68,22.5476951599,22.9207878113,16.79145216,33.5257769312,35.0
582,387.076135079,404.97,23.2975788116,23.6703529358,16.79145216,33.4437058854,34.95
583,385.339260101,402.68,23.0622291565,23.181520462,16.79145216,30.89010796,32.15
584,383.473155101,400.56,22.3478412628,22.9392623901,16.79145216,30.1067774526,31.27
585,381.8034784,397.229,23.1518325806,23.2506427765,16.79145216,28.4053611968,30.6
586,259.42032973,394.33,23.4368972778,23.6959724426,16.79145216,31.6051078469,28.87
587,256.080930233,390.919,23.6415233612,23.767414093,16.79145216,30.8388784781,28.19
588,252.718336582,385.03,24.0230388641,23.8412036896,16.79145216,28.9414906954,27.49
589,249.163836638,379.52,24.4999351501,24.4270420074,16.79145216,28.07204771,25.76
590,245.815666517,372.84,25.2154712677,25.3520030975,16.79145216,25.9596049536,24.89
591,241.905690034,368.56,25.8663883209,25.9227848053,16.79145216,24.8946416096,25.95
592,238.554310004,365.18,25.1232757568,25.5129318237,16.79145216,22.9076982293,24.8
593,234.565196832,362.34,24.6321372986,24.8819007874,16.79145216,22.0674271465,22.06
594,231.190737089,357.72,24.0711402893,24.2137813568,16.79145216,20.6566217662,22.95
595,227.202573617,353.44,23.7553596497,23.9545097351,16.79145216,20.0608778469,20.7
596,223.518193563,347.66,24.03099823,23.9073638916,16.79145216,18.9870489251,19.52
597,220.113050143,343.06,24.1276836395,24.0210437775,16.79145216,18.5170559143,19.0
598,216.685357094,338.59,24.1599121094,24.0524635315,16.79145216,18.0939429345,18.52
599,213.348826567,333.009,23.8530540466,23.9873313904,16.79145216,17.4335097705,18.09
600,209.897576968,328.44,24.2795124054,24.0013408661,16.79145216,17.1928861472,17.43
601,206.563896338,324.13,24.1632499695,24.0350170135,16.79145216,17.0136047313,17.18
602,202.986426353,319.9,24.1700057983,23.9351329803,16.79145216,16.9041021698,17.01
603,199.263599714,314.539,23.8548202515,23.8388290405,16.79145216,17.0034348852,16.86
604,195.786190033,310.16,23.8939228058,23.7790241241,16.79145216,16.9000012511,16.84
605,192.364673615,304.669,23.8049640656,23.8064212799,16.79145216,16.847034965,16.8
606,188.362300396,300.3,23.9377822876,23.7786331177,16.79145216,16.8001830689,16.84
607,185.025956631,295.949,23.8205833435,23.7882671356,16.79145216,16.7172514405,16.79
608,181.551460425,290.57,23.6726799011,23.7787132263,16.79145216,16.4540318185,16.45
609,177.930336793,286.33,23.7057723999,23.7248744965,16.79145216,16.2720128647,16.59
610,174.532123407,281.02,23.7910385132,23.6890716553,16.79145216,15.8109326147,16.26
611,171.049426397,276.84,23.8194580078,23.6531276703,16.79145216,15.5409233789,15.8
612,167.666699886,272.74,23.6106338501,23.6257667542,16.79145216,15.2884450417,15.57
613,163.992073536,268.69,23.5955562592,23.5563182831,16.79145216,15.068441202,15.35
614,160.653086503,263.669,23.4375915527,23.4883117676,16.79145216,14.5725127684,15.17
615,157.071703275,259.66,23.6348762512,23.4592933655,16.79145216,14.4031119618,15.0
616,153.455209732,255.67,23.5275115967,23.4493923187,16.79145216,14.186136258,15.0
617,149.740696748,250.489,23.4199504852,23.460521698,16.79145216,13.4944518632,15.0
618,145.822020372,246.349,23.6041793823,23.514913559,16.79145216,14.4197266064,15.0
619,142.486390273,241.12,23.5397205353,23.5760974884,16.79145216,13.6283124609,15.0
620,139.139563243,236.909,23.5071620941,23.5785064697,16.79145216,13.1681110067,15.0
621,135.798336665,232.64,23.641998291,23.6183071136,16.79145216,12.6675789192,15.0
622,132.457356453,228.33,23.6511821747,23.5974235535,16.79145216,12.1382634151,15.0
623,129.116046429,223.409,23.7504692078,23.5734119415,16.79145216,11.5605798557,15.0
624,125.779840151,218.28,23.9301242828,23.8289451599,16.79145216,10.9250113081,15.0
625,122.432909807,213.299,24.3619213104,24.0969829559,16.79145216,10.2402011212,15.0
626,119.095550378,207.489,24.4908561707,24.2206668854,16.79145216,8.77201821765,15.0
627,115.75652043,203.0,24.5048179626,24.1715068817,14.56390964,12.4129464145,15.0
628,112.417349815,198.51,24.0629920959,24.064207077,14.56390964,13.5632506334,15.0
629,109.072750409,193.29,24.4710540771,24.1223049164,14.56390964,14.2385622544,15.0
630,105.730910301,188.459,24.8546848297,24.6541061401,14.56390964,14.2988043154,15.0
631,102.394153277,184.17,24.7765808105,24.8618907928,14.56390964,13.9192566742,15.0
632,300.456180175,180.23,24.8484668732,24.8594322205,14.56390964,13.3598513154,15.0
633,302.131863435,176.819,24.8317203522,24.7003326416,14.56390964,12.8688464415,15.0
634,303.804371754,174.849,23.8146572113,23.9946022034,14.56390964,12.42207537,15.0
635,305.577960014,175.75,22.1610603333,22.6299819946,14.56390964,12.7002171882,15.0
636,307.279016574,178.33,20.9849433899,21.1359977722,14.56390964,12.881614677,15.0
637,309.07758673,181.22,20.2883834839,20.3522567749,14.56390964,13.2441023287,15.0
638,310.798230171,184.519,20.1059532166,19.727432251,14.56390964,13.563766568,15.0
639,312.843319972,188.89,19.1525154114,19.0692749023,14.56390964,13.5985785775,15.0
640,314.513440132,193.28,18.9192790985,18.5941486359,14.56390964,13.5878294782,15.0
641,316.198511521,196.76,18.4740333557,18.1561470032,14.56390964,13.8127351492,15.0
642,317.992976507,200.2,18.0704212189,17.7524108887,14.56390964,14.0588169816,15.0
643,319.733808438,203.67,17.7320804596,17.4905281067,14.56390964,14.3506031449,15.0
644,321.401978334,208.299,17.1437339783,17.2605037689,14.56390964,14.4780338547,15.0
645,323.108789921,212.209,17.2001399994,17.1418228149,14.56390964,14.6978376251,15.0
646,324.826120138,216.31,17.3636894226,16.8969364166,14.56390964,14.8733252923,15.03
647,326.692441702,220.31,16.85181427,16.6421890259,14.56390964,14.9806438005,15.14
648,328.383633296,225.2,16.7096233368,16.4759025574,14.56390964,14.8217515524,15.18
649,330.14662981,229.59,16.3280887604,16.0499382019,14.56390964,14.8143370685,15.0
650,331.935328245,234.099,16.2989864349,15.8465166092,14.56390964,14.7744305762,15.0
651,333.654793501,239.59,15.8722333908,15.3610019684,14.56390964,14.5349447451,15.0
652,335.328683456,243.81,15.613568306,15.2490911484,14.56390964,14.494930233,15.0
653,337.012925148,248.11,15.0611171722,14.9832496643,14.56390964,14.4361791807,15.0
654,338.886548281,252.33,15.0368833542,14.765209198,14.56390964,15.1203083635,15.0
655,340.556768179,257.5,14.7137403488,14.5765981674,14.56390964,14.9038995505,15.0
656,342.22807169,261.729,14.8006763458,14.2780704498,14.56390964,14.8952410469,15.0
657,343.901908398,264.889,14.5340442657,14.1838531494,14.56390964,15.0363721872,15.0
658,345.571423372,269.16,14.2194976807,13.9647912979,14.56390964,15.0372329868,15.0
659,347.243456841,273.52,14.1452846527,13.7366399765,14.56390964,15.0471720395,15.0
660,348.914643526,277.96,13.8307495117,13.5020923615,14.56390964,15.0666953853,15.0
661,350.582815011,282.479,13.7604217529,13.2700605392,14.56390964,15.0837859683,15.0
662,352.256265084,287.08,13.3508749008,13.0538110733,14.56390964,15.1128249097,15.0
663,353.925306797,292.9,13.4476947784,12.8608703613,14.56390964,15.0277544729,15.0
664,355.596770048,297.65,13.3154802322,12.6718025208,13.19034416,13.2290386363,15.0
665,357.266143163,302.419,13.0512695312,12.5829486847,13.19034416,13.4966197691,15.0
666,358.938318491,306.74,13.3531398773,13.0102462769,13.19034416,13.9971168708,15.0
667,360.607943137,312.88,13.6351938248,12.940331459,13.19034416,14.1703547176,15.0
668,362.276899815,318.34,13.3617801666,12.7201414108,13.19034416,14.2655031246,15.0
669,363.947671652,323.699,13.5655174255,12.6977825165,13.19034416,14.3369374357,15.0
670,365.61861674,328.74,13.620390892,13.0969343185,13.19034416,14.3924401849,15.0
671,367.288818359,334.91,14.2257013321,13.768579483,13.19034416,14.2352658386,15.0
672,368.956558307,339.789,14.8501911163,14.4805421829,13.19034416,14.2397542931,15.0
673,370.632516543,344.699,15.5274333954,15.2772016525,13.19034416,14.2138279329,15.0
674,372.304403385,349.65,16.1911945343,15.8579092026,13.19034416,14.1284129241,15.0
675,373.972798189,354.63,16.9199237823,16.4816741943,13.19034416,14.0183090881,15.0
676,375.648225149,358.35,17.2509002686,16.8126125336,13.19034416,14.1019754002,15.0
677,377.316704988,363.19,17.335767746,17.0453796387,13.19034416,13.9549028532,15.0
678,378.987761736,367.919,17.6467418671,17.1484107971,13.19034416,13.8046407544,15.0
679,380.656483173,373.62,17.1697788239,17.1671104431,13.19034416,13.5173579239,15.0
680,382.325499852,377.55,17.3734931946,17.1767272949,13.19034416,13.4215264352,15.0
681,383.998191754,380.919,17.0391101837,17.1773395538,13.19034416,13.3468839631,15.0
682,385.66934665,383.83,16.847120285,17.1531257629,13.19034416,13.2871501476,15.0
683,387.499659856,386.889,16.8454933167,17.0473957062,13.19034416,13.2250891652,15.0
684,389.489833514,389.19,16.4262714386,16.8864841461,13.19034416,13.2068479529,15.0
685,391.157948176,390.889,16.4199371338,16.7524604797,13.19034416,13.145620233,15.0
686,392.831841707,391.96,16.3936882019,16.662153244,13.19034416,13.1082990277,15.0
687,394.533580144,392.93,16.0024013519,16.4480056763,13.19034416,13.0686827611,15.0
688,396.463908354,393.819,15.9184474945,16.3399200439,13.19034416,13.021007539,15.0
689,398.440781832,394.86,15.8584957123,16.1915092468,13.19034416,12.8748572747,15.0
690,400.285583337,396.11,15.8062095642,16.1249427795,13.19034416,12.6976585213,15.0
691,401.973346472,397.0,15.6917200089,15.8777132034,13.19034416,12.6272571022,15.0
692,403.670013348,397.729,15.4363737106,15.7213859558,13.19034416,12.5648790514,15.0
693,405.720765193,398.759,15.2227039337,15.726442337,13.19034416,12.8113225538,15.0
694,407.392963171,399.68,15.4871549606,15.6825561523,13.19034416,12.7562945651,15.0
695,409.063138167,400.78,15.4100818634,15.6401081085,13.19034416,12.7047847392,15.0
696,410.732258161,401.93,15.3142538071,15.5155467987,13.19034416,12.6443287767,15.0
697,412.403748433,403.61,15.2670450211,15.6020927429,13.19034416,12.4431668972,15.0
698,414.072409868,405.34,15.0582389832,15.5238399506,13.19034416,12.3708980872,15.0
699,415.743593375,406.87,15.1582775116,15.4080924988,13.19034416,12.3108433514,15.0
700,417.41746823,408.37,15.184633255,15.3632354736,13.19034416,12.241790559,15.0
701,419.088218212,409.93,15.0537528992,15.3876466751,13.19034416,12.1783250193,15.0
702,420.762708187,411.56,15.1081027985,15.2997379303,13.19034416,12.1093348847,15.0
703,422.431953351,413.949,14.9711380005,15.2894115448,13.19034416,11.866574927,15.0
704,424.102378289,415.87,14.8524646759,15.2089614868,13.19034416,11.8031596434,15.0
705,425.774093469,417.509,14.9992332458,15.2212018967,13.19034416,11.7642808451,15.0
706,427.442788283,419.13,14.9130573273,15.1870765686,13.19034416,11.7323732934,15.0
707,429.117633502,420.849,15.1078472137,15.1564893723,13.19034416,11.7176078674,15.0
708,430.790178378,422.53,15.0225496292,15.1252937317,13.19034416,11.7019214351,15.0
709,432.461398443,424.68,14.8950653076,15.1711893082,16.59596344,24.4845589104,15.0
710,434.127870003,426.49,15.0985069275,15.2444248199,16.59596344,30.705942216,26.36
711,435.799496571,426.58,16.969121933,17.2263069153,16.59596344,38.6133845008,33.17
712,437.469283342,426.65,18.7276554108,19.4575881958,16.59596344,46.4638732381,35.0
713,439.138094982,427.509,20.176410675,20.7310218811,16.59596344,51.8472215674,35.0
714,440.810054938,428.87,21.5045890808,21.880487442,16.59596344,53.6317493457,35.0
715,442.482390006,431.419,21.9918117523,22.6644763947,16.59596344,50.6729850264,35.0
716,444.153585037,434.09,22.3372859955,22.8302192688,16.59596344,48.7085621141,35.0
717,445.823061466,436.47,22.6789455414,23.0507640839,16.59596344,46.8106504659,35.0
718,447.493056854,438.509,22.7849998474,23.3537311554,16.59596344,44.9349944981,35.0
719,449.163223505,440.229,23.2802658081,23.6620483398,16.59596344,43.0751715438,35.0
720,450.833208164,441.509,23.8773002625,24.1785430908,16.59596344,41.1761008241,35.0
721,452.50278155,442.74,24.5578556061,24.9483337402,16.59596344,37.4610891665,34.46
722,454.176896811,443.55,24.9631233215,25.5765514374,16.59596344,35.4197498937,32.62
723,455.847188234,444.03,25.6593666077,26.2817440033,16.59596344,33.3167627675,30.72
724,457.516281605,444.21,26.3945846558,27.0667419434,16.59596344,31.1563262903,28.79
725,459.189536572,444.479,27.1814155579,27.5913124084,16.59596344,28.9855710401,26.84
726,460.857090155,446.259,27.0281429291,27.45662117,16.59596344,26.9643399106,24.99
727,462.527581851,449.12,26.3536090851,26.7596511841,16.59596344,25.2475605915,23.43
728,464.199033181,452.729,25.889251709,26.4047317505,16.59596344,22.7377719863,22.1
729,465.86945653,455.539,25.8111495972,26.3088054657,16.59596344,21.5123305128,20.16
730,467.543918292,458.31,25.7697029114,26.2436599731,16.59596344,20.439772504,19.24
731,469.211645126,460.979,25.9395427704,26.1908855438,16.59596344,19.4774808038,18.47
732,470.885008176,463.55,25.7828845978,26.1217155457,16.59596344,18.6610383071,17.82
733,472.558501561,466.03,25.6392230988,26.0357437134,16.59596344,17.9851829634,17.31
734,474.230341514,468.44,25.6731948853,25.9117279053,16.59596344,17.4480890861,16.95
735,475.901231766,471.0,25.2535152435,25.7266864777,16.59596344,16.830337923,16.71
736,477.573504845,472.81,25.2282276154,25.6279697418,16.59596344,16.6588882956,16.6
737,479.246201515,474.449,24.8991584778,25.5141620636,16.59596344,16.6109019459,16.54
738,480.915095011,475.919,24.8359069824,25.3813095093,16.59596344,16.5764580649,16.43
739,482.587474982,477.259,24.5728225708,25.2460384369,16.59596344,16.4854455231,16.25
740,484.260643323,478.75,24.5060482025,25.0517616272,16.59596344,16.1918197475,16.04
741,485.927591721,479.849,24.1703968048,24.9663066864,16.59596344,15.9772348197,15.52
742,487.596083482,481.02,24.0812683105,24.8192443848,16.59596344,15.7696534952,15.24
743,489.269123475,482.379,24.2019119263,24.6122016907,16.59596344,15.5865179925,15.0
744,490.940545003,483.91,23.5012340546,24.2072162628,16.59596344,15.4456487402,15.0
745,492.609438499,485.5,23.5398235321,23.8277664185,16.59596344,15.3294801471,15.0
746,494.27989006,487.599,23.268819809,23.4854698181,16.59596344,14.9251462678,15.0
747,495.950886806,489.349,22.8029823303,23.0673122406,16.59596344,14.7312213441,15.0
748,497.620964845,490.86,22.1947727203,22.7880535126,16.59596344,14.5004175525,15.0
749,499.291638136,492.25,22.2120819092,22.6557064056,16.59596344,14.2255293933,15.0
750,498.42085282,493.58,21.9645843506,22.4433708191,16.59596344,13.9152932667,15.0
751,495.078566869,494.86,21.6340847015,22.186378479,16.59596344,13.5868210801,15.0
752,491.734673182,495.53,21.2019271851,21.4421310425,16.59596344,13.2741707657,15.0
753,488.397649924,494.5,20.3101634979,20.5418128967,16.59596344,12.5842943709,15.0
754,485.054063002,492.62,19.6460037231,20.0886669159,16.59596344,12.3378760512,15.0
755,481.714733442,490.389,19.5649356842,20.013420105,16.59596344,12.111417151,15.0
756,478.376882871,487.949,19.6416034698,20.0316848755,16.59596344,11.8674575669,15.0
757,475.038162867,485.5,19.8682899475,20.1020927429,16.59596344,11.6111903894,15.0
758,471.693673134,483.24,19.8031215668,20.1039791107,16.59596344,11.3419320705,15.0
759,468.348902861,481.229,19.6808242798,20.0067577362,16.59596344,11.0663178931,15.0
760,465.007089774,478.81,19.4450321198,19.7771034241,19.87297172,42.1734945957,15.0
761,461.666076183,476.66,19.3409042358,19.6736698151,19.87297172,55.3058208217,35.0
762,458.327380021,472.65,21.2515144348,21.3210144043,19.87297172,71.8597223079,35.0
763,454.987293084,468.74,23.2047462463,23.6785049438,19.87297172,90.4250371418,35.0
764,451.651336352,465.389,24.5272884369,24.9939193726,19.87297172,106.612815547,35.0
765,448.308943113,462.55,25.4881534576,25.7684173584,19.87297172,116.279271467,35.0
766,444.961249828,459.479,25.3615474701,25.8292484283,19.87297172,115.706267746,35.0
767,441.620989641,457.15,25.113910675,25.5156974792,19.87297172,113.935716308,35.0
768,438.283376694,454.819,24.4502029419,24.9214801788,19.87297172,111.3864193,35.0
769,434.938600063,452.0,24.4256057739,24.6844081879,19.87297172,108.956792774,35.0
770,431.596093178,448.69,24.6640872955,24.9720497131,17.73288468,103.099513535,35.0
771,428.257206281,445.069,25.1524105072,25.4508666992,17.73288468,99.2095940609,35.0
772,424.913509687,440.12,25.503118515,25.9035682678,17.73288468,91.8485691205,35.0
773,421.571722825,435.87,26.3964290619,26.5972270966,17.73288468,87.8073009229,35.0
774,418.23568662,431.87,27.0589199066,27.2884712219,17.73288468,83.424987505,35.0
775,414.892553488,427.93,27.46326828,27.980052948,17.73288468,78.9493075782,35.0
776,411.554436684,423.99,28.0831565857,28.3912734985,17.73288468,74.3566164137,35.0
777,408.214166164,420.68,28.0985374451,28.5006752014,17.73288468,69.9044426347,35.0
778,404.864739577,417.74,27.5100326538,28.1602573395,17.73288468,62.8671024064,35.0
779,401.527866522,415.319,27.4605255127,27.97032547,17.73288468,59.0617525668,35.0
780,398.185579777,412.96,27.7268676758,27.9495334625,17.73288468,55.5250750349,35.0
781,394.845856826,410.56,27.6527519226,27.9887542725,17.73288468,52.0604652587,35.0
782,391.504603227,408.069,27.7283096313,28.1179828644,17.73288468,48.7743327343,35.0
783,388.162422975,405.5,28.0190505981,28.2872390747,17.73288468,45.5901011765,35.0
784,384.820189476,402.81,27.9083480835,28.3969898224,17.73288468,42.5081298332,35.0
785,381.482483546,399.22,28.1583518982,28.5765094757,17.73288468,37.6346787977,35.0
786,378.139533202,396.0,28.4099979401,28.8460350037,17.73288468,34.9648755698,32.22
787,374.798646768,392.99,28.4814529419,29.0546531677,17.73288468,32.3917719004,29.91
788,371.460196177,390.15,28.8955841064,29.1934680939,17.73288468,30.0447547112,27.75
789,368.120172819,387.59,28.9008216858,29.2026042938,17.73288468,27.8650685866,25.83
790,364.773036639,385.19,28.6658287048,29.0921058655,17.73288468,25.9409638272,24.09
791,361.427673499,382.28,28.4261436462,28.7614631653,17.73288468,23.2004113855,22.61
792,358.087993463,379.61,28.0389785767,28.5510940552,17.73288468,21.8644718766,20.59
793,354.748942852,376.919,27.7839775085,28.3805713654,17.73288468,20.7545324081,19.66
794,351.409916878,374.13,27.8097114563,28.2902526855,17.73288468,19.809070709,18.94
795,348.066363335,371.3,27.7360973358,28.1601142883,17.73288468,19.0559568734,18.38
796,344.727909565,368.33,27.5579833984,28.0000648499,17.73288468,18.4860787524,18.01
797,341.371189753,365.35,27.5022792816,27.7800159454,17.73288468,18.0863647024,17.81
798,338.032592932,361.289,27.3703079224,27.5,17.73288468,17.7745465165,17.76
799,334.698882898,358.139,27.0686397552,27.3009681702,17.73288468,17.7525742024,17.62
800,331.359579563,354.99,27.0875053406,27.0684776306,17.73288468,17.6725126353,17.45
801,328.020180066,351.83,26.6875038147,26.8501014709,17.73288468,17.5324574766,17.21
802,324.673996766,348.56,26.3017368317,26.7108249664,17.73288468,17.3408951393,16.94
803,321.33488973,345.28,26.2857894897,26.6206512451,17.73288468,17.1272602819,16.63
804,317.995836735,341.32,26.1759853363,26.3697338104,17.73288468,16.6662795612,16.34
805,314.654779434,337.96,25.7105197906,26.0111904144,17.73288468,16.4708406457,15.76
806,311.317230066,334.88,25.3910503387,25.714881897,17.73288468,16.3026574293,15.54
807,307.974776427,331.9,25.0476856232,25.3109874725,17.73288468,16.1123937559,15.32
808,304.634593328,328.83,24.8424797058,25.0488681793,17.73288468,15.8879627147,15.05
809,301.292773088,325.669,24.5533924103,24.7600841522,17.73288468,15.6082360612,15.0
810,300.977248351,321.56,24.4537315369,24.4725494385,18.71547272,31.2605838788,15.0
811,302.64977018,317.74,23.9355545044,24.1092033386,18.71547272,36.6552869637,31.76
812,304.317641656,312.37,26.3031578064,26.2325763702,18.71547272,41.4389037388,35.0
813,305.989390214,307.61,28.5022907257,28.8557872772,18.71547272,42.869229988,35.0
814,307.661596537,304.37,30.2770595551,30.2918796539,18.71547272,40.9057180735,35.0
815,309.331401587,303.31,30.532207489,30.9895992279,18.71547272,37.9766095982,35.0
816,311.00162824,304.33,30.0722122192,30.3378658295,18.71547272,35.6841053829,32.82
817,312.671501637,306.33,29.1146087646,29.5369129181,18.71547272,32.6290774332,31.26
818,314.341928562,307.639,28.8594551086,29.4559135437,18.71547272,31.3593085515,28.87
819,316.012803316,308.78,29.038684845,29.5905094147,18.71547272,30.121547166,27.81
820,317.682968378,310.419,28.9923324585,29.3292617798,18.71547272,28.939459926,26.78
821,319.351806641,312.919,27.9722213745,28.2354545593,18.71547272,27.9191161112,25.89
822,321.022590001,315.63,27.2632102966,27.3148498535,18.71547272,27.061519504,25.16
823,322.692943414,318.16,26.5448589325,26.7801303864,18.71547272,26.297542844,24.52
824,324.482500156,321.05,26.2027740479,26.5130176544,18.71547272,24.7795567593,23.29
825,326.167841752,323.57,26.0277843475,26.3661613464,18.71547272,23.481148918,22.8
826,327.926513354,325.28,25.7674732208,26.265203476,18.71547272,22.9558774024,23.56
827,329.628305038,326.84,25.9146442413,26.1652832031,18.71547272,22.4755711816,23.01
828,331.299553315,328.3,25.6038513184,26.055765152,18.71547272,22.0541002595,22.53
829,332.988281647,329.71,25.4648456573,25.8776359558,18.71547272,21.6971387904,22.1
830,334.657394886,331.479,25.2593917847,25.7188892365,18.71547272,21.1278561862,20.9
831,336.568179925,332.789,24.9137878418,25.4618816376,18.71547272,20.9430608257,21.15
832,338.245089849,334.18,24.9066200256,25.294713974,18.71547272,20.7398337796,20.96
833,340.238208373,335.259,24.6547470093,25.097284317,18.71547272,20.7187315752,20.73
834,341.922233502,336.66,24.5466136932,24.8527984619,18.71547272,20.6369899985,20.71
835,343.824733496,337.87,24.3457489014,24.6103897095,18.71547272,20.5610759506,20.64
836,345.510499875,339.43,23.9787063599,24.2451324463,18.71547272,20.3226779261,20.58
837,347.196413279,340.699,23.6233940125,23.9985370636,18.71547272,20.1831279259,20.35
838,348.873850107,341.979,23.5280570984,23.7900180817,18.71547272,20.030807489,20.22
839,350.70472161,343.3,23.3294792175,23.5286312103,18.71547272,19.8672755072,20.08
840,352.396166722,344.72,22.9061660767,23.2862529755,18.71547272,19.6972211081,19.92
841,354.092883269,346.21,22.7718524933,23.0631561279,18.71547272,19.5397658089,19.77
842,355.768728256,347.83,22.4410972595,22.7590198517,18.71547272,19.4021475898,19.64
843,357.448711793,349.12,22.102306366,22.482421875,18.71547272,19.5385367628,19.76
844,359.140725136,351.32,21.8426551819,22.0630569458,18.71547272,19.191119686,19.44
845,360.89964668,353.169,21.2692394257,21.7171840668,18.71547272,19.1063903131,19.36
846,362.606079976,355.0,21.070941925,21.4117851257,18.71547272,19.0182303455,19.27
847,364.469025135,356.77,20.46849823,21.1328105927,18.71547272,19.7771065089,19.2
848,366.139893532,358.479,20.7666358948,20.9572162628,18.71547272,19.7162386198,19.11
849,367.819759846,360.12,20.6289348602,21.0848674774,18.71547272,19.6475781174,19.04
850,369.493741592,362.27,20.6506977081,20.9574432373,18.71547272,19.3685872876,18.94
851,371.162455082,363.6,20.3723297119,20.7455844879,18.71547272,19.5105711173,18.86
852,372.829623222,365.789,20.309419632,20.6231422424,18.71547272,19.2286654279,18.78
853,374.496568441,367.949,19.8409862518,20.0803012848,18.71547272,18.9456622978,18.43
854,376.166526874,369.919,19.5646514893,19.7229309082,18.71547272,18.6636847579,18.09
855,377.840115229,371.36,18.9766254425,19.4032688141,18.71547272,18.6501528764,17.75
856,379.509708484,372.99,19.0616912842,19.3483982086,18.71547272,18.3698554438,17.4
857,381.179608504,374.58,18.8974571228,19.3191337585,18.71547272,18.0811946695,17.06
858,382.849208514,376.15,19.1037578583,19.2155456543,18.71547272,18.095284982,17.07
859,384.520861705,380.9,17.4388904572,17.0919857025,18.71547272,17.9121924925,17.13
860,386.19217515,386.24,15.5236120224,14.6801252365,18.71547272,18.1793146215,17.1
861,387.862463395,391.13,14.1316375732,13.4885425568,18.71547272,18.5051374468,17.47
862,389.531731606,396.33,12.7839956284,12.6887187958,18.71547272,18.6837517275,17.7
863,391.202658415,399.669,12.6637811661,12.4192314148,18.71547272,19.0422028216,18.16
864,392.872939905,402.59,12.6722593307,12.519241333,18.71547272,19.3675140878,18.61
865,394.54346021,404.68,12.9968490601,13.0421543121,18.71547272,19.6280863743,18.99
866,396.212876638,406.15,13.8711853027,14.1482753754,17.60941812,23.0395770707,19.28
867,397.884473403,407.34,15.0182332993,15.2425088882,17.60941812,24.960131303,22.45
868,399.55534339,406.93,17.2345657349,17.3639659882,17.60941812,26.7132640136,24.06
869,401.226588488,406.36,20.1115398407,20.4304008484,17.60941812,27.1233629619,24.76
870,402.894553343,406.949,22.0200157166,22.4772319794,17.60941812,26.5030949854,24.36
871,404.563860099,408.41,23.1195373535,23.6668643951,17.60941812,25.5923830943,23.6
872,406.234960159,410.419,23.6592826843,23.9794082642,17.60941812,24.7324016786,22.84
873,407.906791766,413.05,22.4338264465,23.0497131348,17.60941812,24.101618193,22.25
874,409.575755199,415.44,21.3870296478,21.7206439972,17.60941812,23.7059863244,21.9
875,411.246656577,417.52,20.1814613342,20.8231487274,17.60941812,22.7609414671,21.07
876,412.91768829,418.5,20.1415939331,20.5357913971,17.60941812,22.5821945144,20.92
877,414.587120215,419.24,20.1119651794,20.3223266602,17.60941812,21.7818950424,20.78
878,416.258841753,419.699,19.6684761047,20.148935318,17.60941812,21.6110414673,20.15
879,417.929001649,420.05,19.7261810303,20.0911712646,17.60941812,21.4612085332,20.02
880,419.600183169,420.43,19.6535167694,20.0236110687,17.60941812,21.3190774757,19.91
881,421.268914938,420.96,19.1998252869,19.8393783569,17.60941812,21.1933818946,19.81
882,422.940731843,421.5,19.385509491,19.9187240601,17.60941812,21.0698856257,19.72
883,424.620181719,422.12,19.4304122925,19.9434452057,17.60941812,20.9116452935,19.61
884,426.312400103,422.819,19.6594543457,20.0386734009,17.60941812,20.7670730193,19.48
885,427.999323209,423.849,19.4647636414,20.0108413696,17.60941812,20.1263296842,19.38
886,429.723440011,424.759,19.467218399,19.9704437256,17.60941812,19.9969527858,20.47
887,431.48247838,425.759,19.8186950684,20.0599479675,17.60941812,19.8644172425,18.81
888,433.423004945,427.509,19.2712402344,19.6852855682,17.60941812,19.3231523224,19.72
889,435.419416825,429.77,18.8443698883,19.3589782715,17.60941812,18.90700027,19.24
890,437.105028232,436.27,16.8410396576,16.4380569458,17.60941812,18.7050938127,18.96
891,439.073951642,442.02,15.5480384827,14.4469680786,17.60941812,18.9425699746,19.19
892,440.743480126,447.99,14.1120519638,13.6991271973,17.60941812,19.0155074126,19.53
893,442.417881886,451.93,13.3166751862,13.0327968597,17.60941812,19.4099023989,19.97
894,444.316991568,454.849,13.0637969971,13.0615301132,17.60941812,19.8748914261,20.18
895,446.327011585,455.8,15.1643867493,15.5120134354,17.60941812,21.8763300333,20.26
896,447.999761502,455.9,16.9244232178,17.1328029633,17.60941812,22.0421248,20.45
897,449.668321609,456.59,18.0571403503,18.3665370941,17.60941812,22.0527292114,20.46
898,451.34419322,457.75,18.3515110016,18.2737979889,17.60941812,21.4858405452,20.47
899,453.014460007,458.509,18.5285415649,18.7383899689,17.60941812,21.4396387013,19.99
900,454.68440334,459.47,18.3964748383,18.7397441864,17.60941812,21.3904831956,19.96
901,456.355315049,460.38,18.5358314514,19.0580825806,17.60941812,21.3297521576,19.91
902,458.023368518,461.199,18.7265930176,19.0368175507,17.60941812,21.2444885244,19.85
903,459.698425134,462.039,18.8617553711,19.0943450928,17.60941812,21.1565992853,19.77
904,461.366861661,462.87,18.9292144775,19.0417900085,17.60941812,21.0713813278,19.71
905,463.043818474,463.639,18.8452968597,19.3895969391,17.60941812,20.4399040671,19.63
906,464.712078174,464.599,19.0078582764,19.4067020416,17.60941812,20.3434191633,19.16
907,466.383898258,465.84,18.5426559448,19.2155056,17.60941812,20.2697335222,19.1
908,468.056481679,469.069,18.3410110474,18.462436676,17.60941812,20.2578966136,19.07
909,469.72535491,474.66,16.245010376,15.6503858566,17.60941812,20.4843569353,19.19
910,471.397219896,479.879,14.2245597839,13.6400318146,17.60941812,20.9351522274,19.5
911,473.079963525,482.919,13.1341238022,13.3099994659,19.6517608,18.8936257167,19.93
912,474.746728341,483.56,14.6902923584,15.3102645874,19.6517608,20.0918757362,18.9
913,476.509420077,483.539,15.9694957733,16.5793247223,19.6517608,21.7046760176,19.95
914,478.281406562,483.27,19.0852279663,19.5078697205,19.6517608,22.4153777473,22.87
915,479.948691527,483.259,20.8616867065,21.2379398346,19.6517608,22.7135099274,23.35
916,481.729268233,484.039,22.3756370544,22.6017341614,19.6517608,22.6108398403,23.29
917,483.741213481,486.509,21.958070755,22.4902229309,19.6517608,21.8115667698,22.4
918,485.45165658,489.139,20.0882377625,20.6124839783,19.6517608,21.2964538641,22.35
919,487.379163504,490.47,19.6306991577,19.941740036,19.6517608,21.370059849,21.86
920,489.059189955,491.479,19.4770469666,19.9642181396,19.6517608,20.9708207062,21.94
921,491.003255049,492.009,19.7173995972,20.1522331238,19.6517608,20.9958038762,21.46
922,493.120435079,492.74,19.7720165253,20.1706523895,19.6517608,22.6454147212,21.02
923,494.800926844,492.16,20.3669528961,20.6466693878,19.6517608,22.6416548681,21.04
924,496.658181747,489.919,22.0183906555,22.4789237976,19.6517608,21.8405555211,20.47
925,498.399223487,492.539,21.4027099609,21.4756603241,19.6517608,21.1275774399,21.64
926,499.09835736,498.69,19.1806201935,18.650308609,19.6517608,21.2536321766,21.7
927,495.759927432,506.759,16.2086277008,15.817284584,19.6517608,21.270874792,22.07
928,491.866680781,511.639,14.3936367035,14.2043123245,19.6517608,21.8881136917,21.89
929,487.881174088,511.789,14.1842098236,14.4670000076,19.6517608,22.1857087052,22.6
930,484.515713851,506.5,18.0549068451,17.738527298,19.6517608,22.1326053249,23.22
931,480.659680367,502.22,20.5738143921,20.9062213898,19.6517608,22.1648700402,22.78
932,477.323287328,498.9,22.4470367432,22.6462020874,19.6517608,21.3562495066,22.61
933,473.275727431,497.62,21.9053993225,22.3178005219,19.6517608,23.4828788929,21.7
934,469.938654105,496.3,21.2200260162,21.6903514862,19.6517608,23.2837658735,21.52
935,466.594866912,493.66,20.8660068512,21.172246933,19.6517608,22.5004377111,21.41
936,463.253107071,490.849,20.8993606567,21.1915645599,19.6517608,22.4107195652,20.82
937,459.910186927,488.15,20.8436603546,21.1802864075,19.6517608,22.3203297993,20.75
938,456.570300261,485.66,20.8590526581,21.1276893616,19.6517608,22.2393345386,20.69
939,453.230433464,485.68,20.3394737244,20.6526355743,19.6517608,22.1857708539,20.63
940,449.894277255,489.83,17.6893444061,17.1502361298,17.76375132,18.0784988354,20.74
941,446.544837157,495.099,13.0247106552,12.9829616547,17.76375132,18.9824242647,18.08
942,443.202600479,496.569,11.3539571762,11.6152486801,17.76375132,20.2373854015,18.92
943,439.864796797,497.24,10.2473630905,10.848575592,17.76375132,21.4420238853,19.78
944,436.520660718,497.449,10.2878475189,10.5375375748,17.76375132,22.5928161054,20.69
945,433.179750443,496.11,12.9088306427,13.1651391983,17.76375132,23.4730974976,21.49
946,429.834913413,494.139,15.1701059341,15.5210342407,17.76375132,24.018935666,21.99
947,426.499230067,491.699,16.8502140045,17.1173267365,17.76375132,23.6556198993,22.28
948,423.160216808,488.27,17.4438285828,17.2918052673,17.76375132,23.8158312629,22.44
949,419.812953472,483.59,19.3331489563,19.0217761993,17.76375132,23.7706230705,21.9
950,416.475316683,479.55,20.1342811584,20.4693908691,17.76375132,23.495441069,21.73
951,413.12583367,476.259,20.8181171417,20.9548969269,17.76375132,23.1503128383,21.44
952,409.787077109,473.0,21.1262760162,21.3461418152,17.76375132,22.7699875125,21.14
953,406.439113617,469.0,21.3898200989,21.4264717102,17.76375132,21.713378722,20.82
954,403.087030252,468.639,20.6490306854,21.4895324707,17.76375132,21.3795616511,20.51
955,399.750960668,472.84,18.3869476318,18.3729629517,17.76375132,21.3267730089,19.89
956,396.410957177,477.84,14.8659143448,14.2421941757,17.76375132,21.7703607586,20.14
957,393.06930383,480.449,12.0148878098,12.053024292,17.76375132,22.5639137753,20.71
958,389.722320239,481.03,11.5136928558,11.7117071152,17.76375132,23.5180110187,21.47
959,386.386193434,480.139,13.0704593658,13.150135994,17.76375132,24.3723484197,22.21
960,383.045823574,477.33,15.2226629257,15.2607364655,17.76375132,24.3416750574,22.78
961,379.694136779,474.639,16.9990024567,17.1014156342,17.76375132,24.6067762042,23.12
962,376.35818402,472.12,18.0357437134,18.4009799957,17.76375132,24.6575514261,22.62
963,373.020993869,469.81,18.5804576874,18.9301700592,17.76375132,24.6004523661,22.58
964,369.676487446,466.129,19.1426525116,19.1802616119,17.76375132,24.4979609974,22.52
965,366.325027148,461.139,20.1057777405,20.021320343,17.76375132,24.2974001405,22.37
966,362.985500495,456.03,21.4451217651,21.213054657,17.76375132,23.9254960757,22.09
967,359.646853606,450.49,22.336643219,22.3139533997,17.76375132,22.6356414956,21.7
968,356.298736731,446.759,22.3407478333,22.4841117859,17.76375132,22.1121524262,20.63
969,352.956850529,442.72,22.366897583,22.4945011139,17.76375132,21.6065332812,20.24
970,349.615537326,438.28,22.6617164612,22.8044395447,17.76375132,21.1362039873,19.86
971,346.266764005,434.949,22.6752929688,22.9340305328,17.76375132,21.2955749201,19.98
972,342.92169412,430.319,22.858997345,23.1234588623,17.76375132,20.8047335907,19.6
973,339.576807022,424.33,23.3782653809,23.4926071167,17.76375132,19.7919831575,18.85
974,336.230804125,419.509,23.7256889343,23.6920280457,17.76375132,19.3709436091,18.56
975,332.870600224,413.62,23.7798519135,23.9411029816,17.76375132,18.6313933425,18.3
976,329.53666687,409.069,23.9768733978,24.0506000519,17.76375132,18.3538979086,18.09
977,326.195336978,404.66,23.8394927979,24.030298233,17.76375132,18.1329268982,17.83
978,322.863963445,400.21,23.7261886597,23.9801330566,17.76375132,17.9706523413,17.79
979,319.514447053,395.789,23.8523139954,24.0100193024,17.76375132,17.859738913,17.78
980,316.165576776,391.53,23.9627513885,24.0100002289,17.76375132,17.8063534166,17.75
981,312.818413575,387.35,23.7383575439,23.9300193787,17.76375132,17.7976607086,17.69
982,309.474643866,384.21,23.8030605316,23.8500328064,17.76375132,17.8002823131,17.7
983,306.135284106,380.009,23.6396980286,23.7801017761,17.76375132,17.7791027102,17.62
984,302.792666753,375.66,23.6846637726,23.7403564453,17.76375132,17.7317467211,17.51
985,300.229628086,370.12,23.5778198242,23.7566013336,17.76375132,17.5469568551,17.38
986,301.899478436,365.71,23.8562793732,23.784236908,17.76375132,17.4238541448,17.01
987,303.571958145,360.53,23.8115234375,23.8248710632,17.76375132,17.0833826857,16.54
988,305.244088173,357.06,23.5830402374,23.7683849335,17.76375132,16.9260779582,16.32
989,306.91607674,356.11,22.6690750122,23.4478149414,19.02928356,21.8487223107,16.17
990,308.591373364,357.96,20.9917106628,21.2367286682,19.02928356,25.1786502423,22.59
991,310.264226596,357.4,20.069984436,20.3171367645,19.02928356,29.8077288495,26.18
992,311.933904886,355.65,21.0542583466,21.5380306244,19.02928356,34.0921224394,30.09
993,313.606558243,353.979,22.0622291565,22.263048172,19.02928356,36.5985648895,32.78
994,315.276613235,352.419,22.2564620972,22.6723308563,19.02928356,37.1790391837,33.65
995,316.947054863,350.85,22.1530532837,22.3763198853,19.02928356,36.6852019775,33.34
996,318.636533419,348.91,21.7090854645,21.7954120636,19.02928356,36.1290883629,34.03
997,320.360161463,346.27,21.6326942444,21.6289615631,19.02928356,35.768937998,32.48
998,322.146573067,342.5,22.4460525513,22.6065654755,19.02928356,34.3187388548,31.16
999,323.97608161,339.139,23.6303005219,23.9581985474,19.02928356,32.7585096089,33.96
1000,325.811990102,336.63,24.5873527527,25.1193504333,19.02928356,31.0338891793,32.21
1001,327.693596681,334.84,25.5595397949,26.1923713684,19.02928356,29.1596120037,30.28
1002,329.408416748,333.789,26.1394386292,26.9543037415,19.02928356,27.2888268086,28.33
1003,331.145756642,334.25,25.3449211121,25.9058380127,19.02928356,26.627421211,27.56
1004,332.812938293,336.05,24.7616043091,24.9505500793,19.02928356,26.1166377378,26.98
1005,334.499521653,341.72,23.0096092224,22.3865242004,19.02928356,25.8342721266,26.59
1006,336.295024951,349.949,20.2538700104,18.7597770691,19.02928356,26.0191464798,26.67
1007,337.983681758,357.46,17.5569324493,16.4487686157,19.02928356,26.553580259,27.15
1008,339.683441718,364.259,15.8883543015,15.4988574982,19.02928356,26.7010893825,27.89
1009,341.430506706,367.68,16.3590869904,16.1770439148,19.02928356,27.3873593289,28.03
1010,343.199666739,369.68,17.5986099243,17.6175727844,19.02928356,27.8406454998,28.58
1011,345.136003097,371.08,19.3717937469,19.5964488983,19.02928356,27.2447812786,28.04
1012,347.023003101,372.139,20.5265426636,21.0601520538,19.02928356,29.6604944136,27.14
1013,348.695318302,370.789,21.3978805542,21.7979660034,19.02928356,29.3447290871,26.93
1014,350.362438361,366.19,23.4941520691,23.4549655914,19.02928356,28.8450374023,26.54
1015,352.034959793,361.08,25.4433803558,25.5623550415,19.02928356,28.0182399901,25.91
1016,353.706188202,357.46,26.2840957642,26.3117179871,19.02928356,27.0550031763,25.12
1017,355.376129945,355.16,25.9578914642,26.3399410248,19.02928356,26.1037281321,24.35
1018,357.045309941,353.33,25.8039474487,26.3909320831,19.02928356,24.4115392009,23.63
1019,358.714241584,352.539,25.9492015839,26.5206279755,19.02928356,23.6820083555,22.39
1020,360.38621664,352.31,26.189622879,26.5292377472,19.02928356,23.0295202613,21.89
1021,362.057001591,352.61,25.9769916534,26.3588237762,19.02928356,22.4484605091,21.49
1022,363.726814985,353.31,25.8081016541,26.1885662079,19.02928356,21.9687120019,21.14
1023,365.398039818,354.169,25.658864975,26.0077877045,19.02928356,21.5803148399,20.9
1024,367.067709764,355.509,25.2286567688,25.7754631042,19.02928356,20.9725395256,20.73
1025,368.737261693,356.919,25.2308197021,25.6981639862,19.02928356,20.77191652,20.55
1026,370.408645074,358.259,25.0295677185,25.4964008331,19.02928356,20.6479048071,20.55
1027,372.078426679,359.539,25.0224189758,25.2586326599,19.02928356,20.584967161,20.52
1028,373.748314778,360.97,24.609746933,25.0947418213,19.02928356,20.5736149611,20.47
1029,375.418773095,362.58,24.3434028625,24.8995609283,19.02928356,20.5646647439,20.4
1030,377.090436618,364.37,24.2497081757,24.7122020721,19.02928356,20.5241223032,20.3
1031,378.75987649,367.05,24.0698032379,24.4558372498,19.02928356,20.3641834944,20.0
1032,380.429286559,368.99,24.0079669952,24.1746406555,19.02928356,20.2723447545,19.85
1033,382.099475066,370.919,23.5142688751,23.8948535919,19.02928356,20.1737172542,19.7
1034,383.768546581,372.91,23.2743148804,23.7047119141,19.02928356,20.063717184,19.55
1035,385.439528227,374.86,23.1839065552,23.5055427551,19.02928356,19.9775715878,19.42
1036,387.110306422,376.84,23.0279045105,23.1967277527,19.02928356,19.9157842344,19.33
1037,388.779431581,379.41,22.5746612549,22.8484611511,19.02928356,19.6778223779,19.27
1038,390.449134906,381.58,21.9428405762,22.3802509308,19.02928356,19.623987532,18.95
1039,392.11967508,383.52,21.62159729,22.0363502502,19.02928356,19.572661672,18.87
1040,393.789446751,385.44,21.2003173828,21.7593307495,19.02928356,19.5081933503,18.8
1041,395.459880034,387.419,21.0981884003,21.3988800049,19.02928356,19.4574525826,18.73
1042,397.131278117,389.52,20.7912979126,21.0141582489,19.02928356,19.4058516672,18.67
1043,398.801091512,395.039,19.9831542969,19.416809082,19.02928356,19.1703769064,18.62
1044,400.47102809,401.44,18.0404758453,17.0715484619,20.19707144,20.4895230686,18.43
1045,402.141489983,407.759,16.4486579895,15.2112398148,20.19707144,20.7150629045,19.88
1046,403.81374677,412.479,16.1226654053,15.6928329468,20.19707144,20.9205653959,20.19
1047,405.485253334,416.43,16.0721340179,15.9036340714,20.19707144,21.095385492,20.44
1048,407.152059873,420.3,15.5900592804,15.3546895981,20.19707144,21.2662850998,20.7
1049,408.824543158,423.63,15.6131973267,15.8235578537,20.19707144,21.3209395242,20.94
1050,410.493271748,425.24,16.1488933563,16.3781108856,20.19707144,21.4204014386,21.12
1051,412.164653142,426.61,16.7120113373,17.0446281433,20.19707144,21.4876094213,21.15
1052,413.836069902,427.59,17.1986618042,17.3390254974,20.19707144,21.5274206901,21.26
1053,415.506921609,427.99,17.7357597351,17.8581886292,20.19707144,21.5537215552,21.35
1054,417.175138394,428.08,17.977350235,18.4783248901,20.19707144,21.5565962058,21.41
1055,418.848089774,428.12,18.3133163452,18.8330688477,20.19707144,21.556369694,21.45
1056,420.517894824,427.83,18.6086597443,19.0477218628,20.19707144,21.5635617247,21.47
1057,422.186641693,427.849,19.2626457214,19.5036659241,20.19707144,21.5556651489,21.5
1058,423.856741587,427.979,19.1672935486,19.5642375946,20.19707144,21.563839417,21.47
1059,425.529513359,428.47,19.5497093201,19.8493041992,20.19707144,21.573878213,21.49
1060,427.199294964,429.15,19.4657859802,20.0445632935,20.19707144,21.5794671008,21.5
1061,428.870036602,429.86,19.7153644562,20.1796455383,20.19707144,21.586183417,21.5
1062,430.539436738,430.83,19.9898414612,20.4092617035,20.19707144,21.550264763,21.51
1063,432.209736506,431.78,20.1763820648,20.5584087372,20.19707144,21.5494296296,21.51
1064,433.881545067,432.889,20.0466575623,20.6167240143,20.19707144,21.5460928359,21.46
1065,435.552359819,434.06,20.4777603149,20.7755489349,20.19707144,21.543829266,21.46
1066,437.223299742,435.319,20.230594635,20.8685626984,20.19707144,21.5408800742,21.46
1067,438.892850081,436.61,20.4011116028,20.9748821259,20.19707144,21.5384078929,21.46
1068,440.561798414,437.91,20.6636161804,21.0822982788,20.19707144,21.5345964452,21.45
1069,442.232958078,439.63,20.7770309448,21.2290554047,20.19707144,21.5097014744,21.45
1070,443.902724981,441.09,20.7112560272,21.1571502686,20.19707144,21.5070299282,21.37
1071,445.574146509,442.4,20.703994751,21.1554450989,20.19707144,21.5081163776,21.37
1072,447.243859768,443.69,20.5850791931,21.1437835693,20.19707144,21.5049712553,21.37
1073,448.913544814,444.94,20.6689014435,21.2322635651,20.19707144,21.5030305718,21.36
1074,450.584328175,446.13,20.9885692596,21.31158638,20.19707144,21.4969773635,21.35
1075,452.253908316,447.61,20.8236923218,21.5008392334,20.19707144,21.4701290659,21.35
1076,453.924756447,449.139,20.7440929413,21.3403377533,20.19707144,21.4628944676,21.34
1077,455.596286456,450.479,20.8298912048,21.1603412628,20.19707144,21.457473822,21.22
1078,457.267486652,451.62,20.7568130493,21.1404628754,20.19707144,21.4589008944,21.22
1079,458.938031594,452.72,20.9244327545,21.2704620361,20.19707144,21.4608811628,21.22
1080,460.609271526,453.949,20.6679515839,21.1905288696,20.19707144,21.4595159209,21.22
1081,462.27861166,455.21,20.8780021667,21.2303390503,20.19707144,21.4533967375,21.21
1082,463.950061401,456.669,20.7896194458,21.2199993134,20.19707144,21.3915165975,21.2
1083,465.618703365,457.97,20.7539138794,21.1605319977,20.19707144,21.3870094166,21.06
1084,467.289618254,459.27,20.6965675354,21.1313610077,20.19707144,21.384094313,21.06
1085,468.980050087,460.639,20.6808204651,21.1717224121,20.19707144,21.3785900315,21.05
1086,470.654098193,462.33,20.9557151794,21.2222633362,20.19707144,21.2896128122,21.04
1087,472.322305044,463.71,20.7200908661,21.1918487549,20.19707144,21.2861951536,21.04
1088,474.044548273,465.169,20.4913253784,21.0922794342,20.19707144,21.2793125607,20.87
1089,475.798381567,466.86,20.598739624,21.1990680695,20.19707144,21.2676603197,20.86
1090,477.467443148,468.759,20.569152832,21.1402206421,20.19707144,21.1506734904,20.85
1091,479.258471727,470.24,20.6441345215,21.2069263458,20.19707144,21.1451038363,21.25
1092,480.927063227,471.72,20.7127838135,21.2929000854,20.19707144,21.138007128,21.25
1093,482.597746452,473.3,20.7311038971,21.2595405579,20.19707144,21.1295736499,21.24
1094,484.606683254,475.379,20.9029884338,21.4421005249,20.19707144,20.9819398218,21.23
1095,486.289078395,477.71,20.8121128082,21.3488826752,20.19707144,20.8089190831,21.11
1096,488.125616709,479.52,20.7793312073,21.1812076569,14.75939836,15.1634119229,15.35
1097,489.884661436,481.199,20.1961479187,20.7414550781,14.75939836,14.9457846759,15.15
1098,491.563870112,483.199,19.9552650452,20.4108715057,14.75939836,14.4853221407,15.0
1099,493.285245101,484.759,19.4758338928,20.0704059601,14.75939836,14.2628757695,15.0
1100,495.084106525,486.27,19.336938858,19.7537460327,14.75939836,14.0642005106,15.0
1101,496.822306712,488.43,18.7991809845,19.4064426422,14.75939836,13.584004197,15.0
1102,498.512861729,489.919,18.8198070526,18.9880523682,14.75939836,13.4165050219,15.0
1103,499.472493331,491.37,18.3746414185,18.6465129852,14.75939836,13.2636842671,15.0
1104,495.994606813,492.81,17.953704834,18.3003406525,14.75939836,13.1173578213,15.0
1105,492.61507988,494.22,17.0350112915,17.5388278961,14.75939836,12.643210391,15.0
1106,489.060136477,493.94,16.3681278229,16.6755199432,14.75939836,12.5459906612,15.0
1107,485.433162848,492.669,15.9455575943,16.5200748444,14.75939836,12.4577222661,15.0
1108,482.089866797,490.87,16.3467731476,16.6202411652,14.75939836,12.0085760678,15.0
1109,478.380323251,488.93,16.3882255554,16.7696895599,14.75939836,13.0780457751,15.0
1110,475.041863124,486.58,17.0580730438,17.1701412201,14.75939836,12.9479048226,15.0
1111,471.701746782,484.319,17.4088687897,17.6086406708,14.75939836,12.7638980182,15.0
1112,468.36018006,482.229,17.6353855133,17.8651981354,14.75939836,12.5721972165,15.0
1113,465.018069744,480.22,17.8746948242,18.0181388855,14.75939836,12.3730477431,15.0
1114,461.683782736,477.66,17.742307663,18.217004776,14.75939836,11.760804643,15.0
1115,458.33773613,475.819,17.5895385742,18.2736320496,14.75939836,11.5290705696,15.0
1116,454.996099472,474.0,17.9050884247,18.2808837891,14.75939836,11.2870321643,15.0
1117,451.658689976,472.15,17.8530216217,18.2967586517,14.75939836,11.0434050115,15.0
1118,448.315139612,470.36,18.0382976532,18.2887935638,14.75939836,10.7651823739,15.0
1119,444.974606037,468.56,17.8271694183,18.2944164276,14.75939836,10.4951948593,15.0
1120,441.623126666,466.16,18.0061740875,18.3089942932,14.75939836,9.74144393386,15.0
1121,438.020532926,464.03,18.1635799408,18.4729232788,14.75939836,9.39936789133,15.0
1122,434.43873326,461.669,17.9680900574,18.5413742065,14.75939836,8.5275015577,15.0
1123,430.883606275,459.78,18.3856830597,18.5186100006,14.75939836,8.16362606218,15.0
1124,427.495906353,457.34,18.2690544128,18.5717315674,14.75939836,7.1938482608,15.0
1125,423.584189415,455.25,18.4084606171,18.6359272003,14.75939836,6.80496103844,15.0
1126,420.193649928,452.62,18.4730739594,18.6914157867,14.75939836,5.76852794711,15.0
1127,416.744840145,450.349,18.4856204987,18.859998703,14.75939836,5.27775706534,15.0
1128,413.197703362,448.199,18.8279209137,18.9909496307,15.80371968,12.6833066309,15.0
1129,409.860396385,445.08,18.7173690796,19.0539913177,15.80371968,13.6747305143,15.0
1130,406.502876282,442.389,19.068025589,19.528465271,15.80371968,14.0346772358,15.0
1131,402.570962906,440.229,19.4943122864,19.6969242096,15.80371968,13.9757066869,15.0
1132,399.232836564,437.9,19.1236610413,19.7012939453,15.80371968,13.5055951186,15.0
1133,395.378076235,435.88,19.4069004059,19.5832805634,15.80371968,13.5279760769,15.0
1134,391.513866584,432.47,19.4145736694,19.6062068939,15.80371968,14.4641929674,15.0
